Title,Yapımşirketi,Yönetmen,Sezonsayısı,Tür,Kanal,Başrol,Başlangıç_Yılı
Sır Dosyası,Sinerji,Taylan Biraderler,1,Polisiye,Star TV,Taner Birsel - Mehmet Günsür - Ayça Bingöl - Zafer Ergin,1999
Sen de Gitme,NTC Medya,Türkan Derya,2,Dram - Medikal,TRT 1,Sinan Albayrak - Sezin Akbaşoğulları - Alican Yücesoy - Didem İnselel - Miraç Eronat - Batuhan Karacakaya,2011
Kaybolan Yıllar,Base Productions,Zeynep Günay - Gülçin Gülbahçe,2,Dram - Duygusal - Polisiye - Aşk,Star TV,Yeşim Büber - Saruhan Hünel - Burak Hakkı,2006
Kızlar Sınıfı,Burç Film,Orhan Elmas,1,Komedi - Gençlik,Kanal D,İlyas Salman - Ayşen Gruda - Gökhan Güney - Ergun Köknar - İlhan Daner - Nilüfer Öz,1994
Küçük Sırlar,Tims Productions,Cevriye Demir,2,Gençlik - Drama,Kanal D -    - Star TV,Sinem Kobal - Burak Özçivit - Merve Boluğur - Birkan Sokullu - İpek Karapınar - Kadir Doğulu,2010
Sıdıka,Delta Film Limon Yapım,Mahinur Ergun - Fatmanur Sevinç,3,Komedi,Show TV,Hasibe Eren - Füsun Demirel - Ali Erkazan - Hakan Tanfer,1997
Parmaklıklar Ardında,Play Prodüksiyon,Hakan Gürtop - (1. sezon)  - Nisan Akman -  (2 ve 3. sezon),3,Suç - Dram,atv,Selda Alkor - Serra Yılmaz - Yelda Reynaud - Özlem Düvencioğlu - Zeynep Eronat - Sinan Albayrak - Cengiz Bozkurt - Başak Daşman - Pınar Dikici - Özgül Kavruk - Zehra Alptürk - Ogün Kaptanoğlu - İsmail Düvenci - Onuryay Evrentan - Müfide İnselel - Zeynep Kızıltan - Nurhan Özenen - Meltem Pamirtan - Iraz Yöntem - Pınar Ünsal - Beste Bereket - Neriman Uğur - Dilşad Bozyiğit - Mine Çayıroğlu - Fikret Kuşkan - Rüçhan Çalışkur - Zeynep Gülmez - Tardu Flordun,2007
En Son Babalar Duyar,Mint Prodüksiyon,Sibel Kocataş - Funda Karagöz,5,Durum komedisi - Aile - Dram,TRT 1 -    - Star TV,Ayşegül Atik - Ali Erkazan - Levent Ülgen - Hatice Aslan,2002
Karanlıkta Koşanlar,TRT,Uğur Yücel,1,Macera - Polisiye,TRT 1,Uğur Yücel - Haluk Bilginer - Altan Karındaş - Köksal Engür - Devin Özgür Çınar - Parkan Özturan - Levend Yılmaz,2001
Ekmek Teknesi,Sinegraf  (2002-2004) Pana Film  (2004-2005),Metin Günay - Osman Sınav - Gürsel Ateş - Sadullah Şentürk,3,Komedi - Dram,atv -   - Show TV,Savaş Dinçel - Sermin Hürmeriç - Hasan Kaçan - Kadir Çöpdemir - Ahmet Yenilmez,2002
Bir Varmış Bir Yokmuş,BKM,Bülent İşbilen,1,Dram,Star TV,Ahmet Mekin - Onur Ünsal - Şahika Koldemir - Servet Pandur - Serdar Yeğin - Türkan Kılıç - Erkan Bektaş - Turgay Tanülkü - Esra Kızıldoğan - Burak Davutoğlu - Candan Ersoy - Erk Bilgiç - Ceren Olcayto - Selen Öztürk - Tuba Erdem - Ozan Bilen - Sıla Çetindağ - Şebnem Gürsoy - Bülent İşbilen,2008
Muhteşem Yüzyıl,Tims Productions,Taylan Biraderler -  (1-103) - Yağız Alp Akaydın -  (104-139) - Mert Baykal -  (104-139),4,Tarihî - Kurgu,Show TV -    - Star TV,Halit Ergenç - Meryem Uzerli - Vahide Perçin - Nebahat Çehre - Okan Yalabık - Nur Fettahoğlu - Selma Ergeç,2011
Unutma Beni,Focus Film,Gülşen Erişdi - Mihriban Şahin,8,Aile - Dram,FOX,Osman Karakoç - Didem Özkavukçu,2008
Tatlı Betüş,Delta Film,Atıf Yılmaz,1,Komedi - Drama,Show TV,Türkân Şoray - Alp Buğdaycı - Tarık Tarcan - Faruk Peker - Aydemir Akbaş - Altan Akışık - Bülent Kayabaş - Taner Barlas - Cem Davran,1993
Artist Palas,Protel,Mahinur Ergun,1,Dram - Romantik - Komedi,Kanal D,Zuhal Olcay - Lale Mansur - Burçin Orhon - Füsun Demirel - Hakan Tanfer,1994
Avrupa Yakası,Plato Film,Hakan Algül (1-41)  - Jale Atabey -  (42-190),6,Durum komedisi,atv,Gazanfer Özcan - Hümeyra - Müşfik Kenter - Gönül Ülkü - Ata Demirer - Gülse Birsel - Engin Günaydın - Levent Üzümcü - Şenay Gürler - Bülent Polat - Veysel Diker - Yıldırım Öcek - Yavuz Seçkin - Hale Caneroğlu - Evrim Akın - Vural Çelik - Hasibe Eren - Tolga Çevik - Sarp Apak - Peker Açıkalın - Binnur Kaya - Hakan Yılmaz - Ömür Arpacı - Rutkay Aziz - Suna Keskin -  ve  - diğerleri,2004
Gece Gündüz,Altıoklar Film,Metin Balekoğlu - Sarp Levendoğlu,1,Komedi - Polisiye - Suç - Dram,Kanal D,Damla Sönmez - Sarp Levendoğlu - Settar Tanrıöğen,2008
Tek Türkiye,Ser Film,Naci Çelik Berksoy - Gürsel Ateş,4,Dram - Aksiyon,Samanyolu TV,Ergün Kuyucu -  Ozan Çobanoğlu - Süleyman Karadağ,2007
Aziz Ahmet,Med Yapım,Orhan Oğuz,1,Dram - Komedi - Aile,atv,Uğur Yücel - Ayşegül Aldinç,1994
Geniş Aile,D Productions,Ömer Uğur,3,Komedi - Aile,Kanal D -    - Star TV,Ufuk Özkan - Zuhal Topal - Rojda Demirer - Rasim Öztekin - Fırat Tanış - Mine Teber - İlker Ayrık,2009
Veda,Medyapım,Merve Girgin,1,Drama - Aşk - Tarihî,Kanal D,Mehmet Aslantuğ - Fahriye Evcen - Maral Üner - Jale Arıkan - Sevda Erginci - Ahmet Tansu Taşanlar,2012
Alemin Kıralı,Süreç Film,Derya Yaruç - Bülent İşbilen,2,Aile - Durum komedisi - Absürt komedi,atv,Oya Başar - Şafak Sezer - Evrim Akın - Metin Yıldız - Zeynep Gülmez - Ececan Gümeci - Hamdi Kahraman - Elvin Levinler - Birsu Demir - Yağmur Ün,2011
Zengin Kız Fakir Oğlan,Mint Prodüksiyon,Hasan Tolga Pulat,4,Aile - Romantik komedi,TRT 1 -    - FOX,Hüseyin Avni Danyal - Ayda Aksel - Ufuk Özkan - Ecem Özkaya - Mahir İpek - Gözde Okur - Kemal Kuruçay - Şeyla Halis - Ferdi Akarnur - Zerrin Epikmen - Kıvanç Baran Arslan,2012
İşler Güçler,Limon Film,Selçuk Aydemir,1,Komedi,Star TV,Ahmet Kural - Murat Cemcir - Sadi Celil Cengiz,2012
Seher Vakti,D Productions,Çağatay Tosun,1,Drama,Kanal D,Yeşim Salkım - Uğur Polat - İdil Fırat - Berk Hakman - Begüm Birgören,2005
Güneydoğudan Öyküler Önce Vatan,Fida Film,Onur Tan,1,Dram - Savaş,Show TV,Melisa Sözen - Serhat Tutumluer - Umut Kurt - Sezai Aydın - İlker Kızmaz - Arsen Gürzap - Yeliz Akkaya - Nihan Okutucu,2010
Sırlar Dünyası,Samanyolu TV,Taner Tunç - Avni Kütükoğlu - Şenol Sönmez,5,Dram,Samanyolu TV,Aslıhan Güner - Orhan Bıyıklı - Ozan Çobanoğlu,2004
Sokak Şarkıcıları,Yeni Stüdyo,Nazmi Özer,1,Macera - Komedi - Drama,TRT,Ali Poyrazoğlu - Oya Başar - Aysun Güven - Özcan Özgür - Gülşen Gürsoy - İlhan Daner - Alpay İzer,1974
Pars: Narkoterör,Sinegraf,Metin Günay,1,Aksiyon - Politik - Dram - Macera,Show TV,İbrahim Çelikkol - Seda Bakan,2008
Süper Babaanne,TRT Avşar Film,Serkan Kızıldağ - Temel Gürsu,1,Fantastik - Aile - Komedi,TRT 1,Murat Kubilay - Asuman Dabak - Mustafa Uzunyılmaz - Ceren Soylu - Yılmaz Köksal - Zuhal Yalçın - Nedret Özbek,2008
Bizimkiler,Ar Ajans,Yalçın Yelence -  (454 bölüm)  - Erkavim Yıldırım -  (5 bölüm),15,Aile,TRT 1 -   - Star TV -   - Show TV,Erdal Özyağcılar - Ayşe Kökçü - Atılay Uluışık - Ercan Yazgan - Mehmet Akan - Savaş Dinçel - Oktay Sözbir,1989
Mirasyediler,Kemal Film,Rabahat Baltacı,1,Komedi - Aile,Show TV,Göksel Arsoy - Açelya Akkoyun - Yalçın Dümer - Tarık Tarcan - Kerim Tekin - Murat Parasayar - İpek Tuzcuoğlu - Ceyda Düvenci,1996
Kırık Ayna,Gold Film,Şerif Gören -,1,Dram - Aksiyon,Kanal D,Kadir İnanır - Yeşim Büber - Selma Güneri - Burak Hakkı - Mine Çayıroğlu - Sinem Güven - Bülent Kayabaş -,2002
Eyvah Halam,D Productions,Kemal Uzun,1,Komedi - Aile,Star TV,Rasim Öztekin - Ertuğrul Şakar - Ece Çeşmioğlu - Zeynep Özkaya - Doğaç Yıldız - Akçahan Akça - Defne Yalnız - Sait Genay - Oğuz Oktay,2008
Şöhret,Gold Film,Bahadır İnce,2,Dram,atv,Ahu Türkpençe - Atilla Saral - Murat Ünalmış - Nurseli İdiz - Şebnem Dilligil - Türkan Kılıç - Onur Bayraktar - Burak Altay - Oya Okar - Bengi Öztürk - Kevork Türker - Ebru Gediz - Selma Ergeç - Yalçın Dümer,2005
Çapkın,Süreç Film,Bora Onur,1,Komedi - Romantik,Show TV,Okan Yalabık - Özlem Conker - Ahmet Mümtaz Taylan - Nergis Kumbasar - Suna Pekuysal - Bartu Küçükçağlayan - Melis Birkan - Nergis Kumbasar - Nilüfer Silsüpür - Burçin Üçüncüoğlu - Volga Sorgu - Zuhal Yalçın - Aslı Orcan - Süheyla Gözde Soley - Mustafa Uzunyılmaz - Seval İşgören - Güngör Varlı - Hasan Mullaoğlu,2005
Fesupanallah,Pana Film,Zübeyr Şaşmaz,1,Komedi - Dram,atv,Şafak Sezer - Kadir Çöpdemir - Hasan Kaçan - Cem Davran - Erdal Tosun - Şebnem Özinal - Hatice Şendil,2007
Yılan Hikâyesi,Yağmur Ajans,Nihat Durak,3,Dram - Komedi - Polisiye,Kanal D,Meltem Cumbul - Memet Ali Alabora,1999
Yol Arkadaşım,Sis Yapım,Irmak Çığ,2,Dram - Komedi - Romantik,Kanal D -    - Star TV,Özge Özberk - Polat Bilgin - Sinan Tuzcu - Tanju Tuncel - Ayşe Tunaboylu - Goncagül Sunar,2008
Kurtlar Vadisi Pusu,Pana Film,"Sadullah Şentürk -  (1-51, 71-93)  - Zeynep Günay -  (52-57, 59-62)  - Zübeyr Şaşmaz -  (58, 63-70)  - Ali Can Gebeş -  (94-99, 162-171)  -  Selahattin Sancaklı (100-128)  - Onur Tan -  (129-161, 172-229)  -  Doğan Ümit Karaca (230-300)",10,Aksiyon - Dram - Politik,Show TV -    - Star TV -    - TNT -    - atv -    - Kanal D -   -  - Tekrar yayınları - Beyaz TV -   - TürkHaberTV -   - 360 TV -   - tv2,Necati Şaşmaz - Cahit Kayaoğlu - Erhan Ufak - Ertuğrul Şakar - Gaye Gürsel - Defne Samyeli - Eski başroller - Gürkan Uygun - Kenan Çoban - Musa Uzunlar - Hakan Boyav - Ertan Saban - Görkem Sevindik - Çiğdem Batur - Ali Sürmeli - Mustafa Üstündağ - Burak Sevinç - Hüseyin Avni Danyal,2007
Hayal ve Gerçek,Süreç Film,Gürcan Mete Şener,1,Komedi - Fantastik - Romantik,atv,Yasemin Hadivent - Cem Kılıç - Zuhal Yalçın,2007
Küçük Hanımefendi,AT Yapım,Serpil Kurtça - Özer Kızıltan,2,Dram,TRT 1,Cansu Tosun - Barış Bağcı - Derya Alabora - Beyazıt Gülercan - Arsen Gürzap - Rıza Sönmez - Barış Hayta - Gamze Yarka - Zeynep Irgat - Ece Özdikici - Gamze Ozan - Gizem Akbal - Taner Ertürkler - Görkem Yeltan - Edip Saner - Yeliz Akkaya - Kazım Akşar - Serena Yapaöz - Arda Canikoğlu - Barış Arduç,2011
Uğurlugiller,STR,Gürol Gökçe - Uğur Erkır - Aram Gülyüz,4,Durum komedisi,TRT 1,Yıldız Kenter - Şükran Güngör - Tevfik Gelenbe - Gül Onat - Mehmet Birkiye - Mübeccel Vardar - Ayhan Kavas - Mustafa Alabora - Savaş Dinçel,1988
Şaban Askerde,Kanat Film,Orhan Oğuz,1,Komedi,Star TV,Kemal Sunal - Halit Akçatepe - Özlem Savaş - Canan Öztürk - Yaman Tarcan - Hüseyin Köroğlu - Nihat Nikerel - Dinçer Çekmez,1993
Yalancı Yarim,MF Yapım,Özer Kızıltan - Şengül Halat Atak,1,Aşk - Romantik - Komedi,Star TV,Barış Akarsu - Merve Sevi - Bülent Kayabaş - Ayşe Kökçü,2006
Kahve Bahane,Altıoklar Film,Mustafa Altıoklar - Müge Turalı - Ayşin Akbulut - Ali Ercivan,1,Komedi - Sitcom,Türkmax - [1],Melike Öcalan - Gülden Güney - Cenk Tunalı,2009
Serseri,Yağmur Ajans,Cem Akyoldaş,2,Romantik - Drama - Komedi,Kanal D,Gamze Özçelik - Okan Yalabık - Erkan Petekkaya - Cüneyt Arkın,2003
Mert ile Gert,Plato Film,Hakan Algün,1,Komedi,TRT 1,Emre Altuğ - Ragga Oktay - Begüm Birgören - Ayşen Gruda - Zihni Göktay - Aşkın Şenol - Işılay Gül - Eylem Yıldız - Serkan Keskin,2008
Sıla,Fm Yapım Most Production,Yasin Uslu - Gül Oğuz,3,Dram - Aksiyon,atv,Cansu Dere - Mehmet Akif Alakurt - Zeynep Eronat - Menderes Samancılar - Devrim Saltoğlu - Fatoş Tez - Fatoş Sezer - Muhammed Cangören - Cemal Toktaş - Boncuk Yılmaz - Gökçe Yanardağ -,2006
Hüsnü Bey Amca,TRT,Ülkü Erakalın,3,Komedi - Sitcom,TRT 1,Gazanfer Özcan - Gönül Ülkü - Doğu Erkan - Gazanfer Ündüz - Fulya Özcan - Tarık Ündüz,1994
Canım Ailem,TMC Film,Sadullah Celen,2,Aile - Komedi,atv,Uğur Yücel - Ozan Güven - Şebnem Bozoklu - Funda Eryiğit - Ezgi Mola - İlker Aksum - Oktay Gürsoy - Sezgi Mengi - Deniz Denker - Alpay Şayhan - Ayçe Abana - Bengi Öztürk - Hikmet Körmükçü - Candan Sabuncu - Nejat Birecik - Haldun Boysan - Onur Ünsal - Begüm Kütük Yaşaroğlu - Şeyda Şaşmaz,2008
Ferhunde Hanımlar,TRT  İç Yapımlar (1993-1994) Ankara ODA Yapım (1995-1999),Tülay Eratalay - Murat Karahüseyinoğlu - Gülsen U. Erişdi - Altan Yücel - [1],7,Dram,TRT 1 -    - Star TV,Beyhan Saran - Baykal Saran - Güven Hokna - Melek Baykal - Hatice Aslan - Şahap Sayılgan - İpek Çeken - Tamer Karadağlı,1993
Hepsi 1,Süreç Film,Kartal Çidamlı -  (1-48) - Yonca Güzelpınar -  (49-51),2,Duygusal - Komedi,Show TV -   - atv,Cemre Kemer - Eren Bakıcı - Gülçin Ergül - Yasemin Yürük,2007
Fırtına,BKM,Metin Balekoğlu,1,Komedi - Aile,Kanal D,Burçin Terzioğlu - Murat Yıldırım - Zerrin Sümer - Jale Aylanç - Salih Kalyon - Münir Canar - Erkan Can - Ayşen Gruda - Orhan Eşkin - Ömür Arpacı - Deniz Erözen - Cezmi Baskın - Nihan Büyükağaç - Türkü Hazer - Emirşah Bora - Fırat Can Aydın,2006
Esir Şehrin İnsanları,TRT,Cafer Özgül,1,Dram - Tarihî,TRT 1,Emre Kınay - Zeynep Tokuş - Fikret Kuşkan - Başak Köklükaya - Seray Sever - Zafer Algöz - Ali Sirmen,2003
Eyvah Kızım Büyüdü,ANS,Orhan Cesur - Filiz Kaynak - Bülent Özdural,2,Komedi,Kanal D,Haluk Bilginer - Yıldız Asyalı - Alp Öyken - Uğur Kıvılcım - Savaş Ay,2000
Yaprak Dökümü,Ay Yapım,Mesude Erarslan,5,Aile - Drama,Kanal D,Halil Ergün - Güven Hokna - Bennu Yıldırımlar - Deniz Çakır - Tolga Karel - Caner Kurtaran - Hasan Küçükçetin - Gökçe Bahadır - Fahriye Evcen - Bedia Ener - Seda Demir,2006
Kod Adı,Serap Yapım,Tevfik Şenol,1,Polisiye,Kanal D,Gerçek Sağlar - Özgür Özberk - Korel Cezayirli - Onur Saylak - Nuri Gökaşan,2006
Mahşer-Nabucco'nun Zehri,Doludizgin Creative Films,Koray Demir,1,Aksiyon,atv,Mahir Günşiray - İpek Tuzcuoğlu - Ahmet Uz - İstemi Betil - Ali Başar - Nesligül Deniz Çaltıl -,2007
Bir Çocuk Sevdim,TMC,Cevdet Mercan - Murat Düzgünoğlu,1,Dram - Aile,Kanal D -     - Star TV,Bülent İnal - Çetin Tekindor - Hakan Kurtaş - Gülcan Arslan,2011
Yalancı Romantik,Mint Prodüksiyon,Birkan Uz,2,Komedi - Aile,Kanal 1 -    - FOX,Hakan Yılmaz - Ebru Cündübeyoğlu - Necmi Yapıcı - Asuman Dabak - Melih Ekener - Zerrin Sümer - Yalçın Menteş - Umut Oğuz,2008
Makber,Pana Film,Kemal Uzun,1,Dram - Aşk,Star TV,Seda Bakan - Devrim Nas - Gamze Karaman - Murat Başoğlu - Gaye Gürsel - Soydan Soydaş,2009
Haziran Gecesi,Gold Film,Andaç Haznedaroğlu,2,Dram,Kanal D,Özcan Deniz - Naz Elmas - Nebahat Çehre - Demir Karahan,2004
Eltiler,Renk Yapım,Mahinur Ergun - Uğur Erkır - Serpil Kurtça - Erdoğan Ergözen,2,"Komedi - ,  - Duygusal - ,  - Aile",TGRT,Sevinç Aktansel - Engin Şenkan - Betül Arım - Ayşen İnci,1998
Hırsız Polis,TMC Film,Türkan Derya Güven,2,Polisiye,Kanal D,Uğur Yücel - Timuçin Esen - Özlem Düvencioğlu - Murat Daltaban - Erol Günaydın - Ozan Güven - Rasim Öztekin - Dağhan Külegeç - Hakan Boyav - Yasemin Çonka - Vahide Perçin - Ahmet Saraçoğlu - İpek Bilgin,2005
Kader Ayırsa Bile,Star TV,Tunca Yönder,1,Dram,Star TV,Esra Ronabar - Serkan Üstüner - Suna Dizdar - Erdoğan Kapısız - Ulvi Alacakaptan - Sühan Karaduman - Betül Kızılok Bavli - Fırat Çöloğlu,2002
Kaynanalar,TRT,Tekin Akmansoy - Arzu Akmansoy,14,Sitcom,"TRT -  , ,  - Kanal D",Tekin Akmansoy - Leman Çıdamlı - Defne Yalnız - Sevda Aydan - Ege Aydan - Münir Caner - Sermin Hürmeriç - Sezai Aydın,1974
Bizim Kuruntu Ailesi,TGRT,Bülent Özdural,2,Sitcom,TGRT,Gazanfer Özcan - Gönül Ülkü - Doğu Erkan - Gazanfer Ündüz - Fulya Özcan - Doğan Aybay - Şemsay Çankara - Saltuk Kaplangı - Tomris Oğuzalp - Aliye Tölak - Tarık Ündüz - Engin Gürmen - Ferdi Atuner - Şensel Uykal - Reyhan Ayyüzlü,1997
Kaygısızlar,3 Nokta Film,Oğuz Yalçın - Ayhan Önal - Cankat Ergin - Samim Değer - Temel Gürsu - Uğur Erkır,4,Komedi,"Kanal D -  ,  - Star TV -   - Kanal 6",Ercan Yazgan - Halit Akçatepe - Ayşen Gruda - Gülçin Hatıhan - Çiçek Dilligil - Yılmaz Köksal - Sibel Seyhan - Şoray Uzun - Damla Özen - Yalçın Avşar - Ülkü Duru,1994
Fedai,D Productions,Güzide Balcı,1,Drama,Star TV,Seda Sayan - Tamer Karadağlı - Metin Belgin - Güliz Gençoğlu - İpek Tanrıyar - Enginay Gültekin - Mutlu Güney - Atilla Yiğit - Ergül Coşkun - Selen Uçer - Kaan Olcay - Şeyda Şaşmaz,2007
Şeytan Ayrıntıda Gizlidir,Renkli Türkçe Film Yapım,Cevdet Mercan,1,Polisiye,TRT 1,Çetin Tekindor - Nejat İşler - İrem Altuğ - Meral Çetinkaya - Fırat Tanış - Ali Sürmeli - Ümit Acar - Engin Cezzar - Erol Keskin - Fatih Koyunoğlu - Levend Yılmaz - Gazanfer Ündüz - Mete Horozoğlu - Aytekin Özen - Mert Turak - Ayşen İnci - Erkan Kolçak Köstendil - Hasan Küçükçetin - Fulya Ündüz - İnan Ulaş Torun - Umut Sinem Tuncer - Ayhan Taş - Halil İbrahim Aras - İhsan Devrim - Ayhan Eroğlu,2004
Yalan Dünya,D Productions,Jale Atabey Özberk,4,Komedi - Sit-com,Kanal D -    - teve2,Altan Erkekli - Füsun Demirel - Olgun Şimşek - Beyazıt Öztürk - Gülse Birsel - Hasibe Eren - Sarp Apak - Öner Erkan,2012
Tövbeler Tövbesi,Limon Film,Aydın Bulut - Seben Delice,1,Dram - Romantik - Komedi,atv,Tuba Ünsal - Cemal Toktaş - Fulya Zenginer - Keremcem - Füsun Demirel - Rıza Akın - Cihat Tamer - Pınar Dikici,2011
Doludizgin Yıllar,Sinegraf,Osman Sınav -  - Raşit Çelikezer,2,Dram,atv -    - TRT 1,Yusuf Ömer Sınav - Selen Seyven - Arda Kural - Erdal Cindoruk - Damla Debre - Ayşegül İşsever - Mehmet Polat - Suat Güzey - Yılmaz Calayır - Deniz Özpınar - Yağız Bankoğlu - Hüseyin Soysalan,2008
Sultan Makamı,Avşar Film,Aydın Bulut,1,Dram,Kanal D,Şevket Çoruh - Başak Köklükaya - Uğur Polat - Dolunay Soysert - Kerem Atabeyoğlu - Suzan Elif Kılınç,2003
Sihirli Safiye,D Productions,Yavuz Figenli,1,Fantastik - Aile - Komedi,Kanal D,Seden Kızıltunç - Oğuz Oktay - Ayben Erman - Şerif Arslan - Fatoş Kara,1994
Yanık Koza,Limon Film,Murat Saraçoğlu - Özer Kızıltan - Mesude Erarslan,3,Dram - Genel,Show TV,Yavuz Bingöl - Başak Köklükaya - Çolpan İlhan - Ayça İnci - Mustafa Alabora - Burak Davutoğlu - Tuncer Necmioğlu - Serdar Özer - Başak Daşman - Kemal Okur - Barış Erdi - Perihan Savaş - Mete Horozoğlu - Sedef Avcı - Hande Kazanova - Saadet Gürses - Erdal Cindoruk - Ali Karagöz - Yavuz Karakaş,2005
Sıkı Dostlar,Fox TV,Birkan Uz,1,Komedi,Türkmax -    - FOX,Haluk Bilginer - Özkan Uğur - Seray Sever - Nez - Hasibe Eren - Ömür Arpacı - Ayşenur Yazıcı - Hakan Bilgin - Aydoğan Oflu - Özlem Türkad - Okan Tangücü,2009
Karadayı,Ay Yapım,Uluç Bayraktar - Cem Karcı,3,Aksiyon - Dram - Politik,atv,Kenan İmirzalıoğlu - Bergüzar Korel - Çetin Tekindor - Yurdaer Okur,2012
Hayatımın Rolü,Süreç Film,Sadullah Celen - Hakan Arslan,1,Aile - Dram - Komedi,Star TV,Haluk Bilginer - Ebru Özkan - Bekir Aksoy - Ebru Aykaç - İlhan Şeşen,2012
Beni Affet,Focus Film,Gürsel Ateş - Mihriban Şahin - Bergüzar Demiroğlu,8,Aile - Aşk - Dram,Show TV -   - Star TV -     - 2M TV - Fas,Nusret Şenay - Ulviye Karaca - Gaye Turgut Evin - Mert Altınışık - Şeyma Korkmaz - Murat Danacı - Ceren Yalazoğlu Karakoç - İlkay Kayku Atalay - Zeynep Yasa - Zeynep Aytek Metin - Okan Şenozan - Deniz Evin - Saim Karakale - Mithat Erdemli - Tolga Akman - Aleyna Eroğlu - Can Arpacı - Gökberk Yıldırım,2011
Nehir,Vizyon Film,Cevdet Mercan,1,Drama,Kanal D,Petek Dinçöz - İpek Tuzcuoğlu - Selma Güneri - Zeynep Eronat - Suna Selen - Mümtaz Sevinç - Irmak Ünal - Özgül Kavruk - Serpil Tamur - Cengiz Coşkun,2005
Beşinci Boyut,Eflatun Film,Hasan Kıraç,5,Dram - Dini,Samanyolu TV,Cengiz Toraman - Doğan Turan,2005
İki Arada Aşk,Mint Prodüksiyon,Sibel Kocataş,1,Komedi,TV8 -    - atv,Deniz Çakir - Halit Akçatepe - Volkan Ünal,2005
Cesaretin Var Mı Aşka,Limon Yapım,Ömer Uğur,1,Romantik komedi - Dram,Kanal D,Engin Altan Düzyatan - Özge Özpirinçci - Tarık Papuççuoğlu - Ufuk Özkan - İlker Ayrık,2008
Türkmen Düğünü,TRT,Adem Ayral,1,Duygusal,TRT 1,Yılmaz Zafer - Ece Pirim - Nilgün Bubikoğlu - Zerrin Çaldıran - Asuman Arsan - Nevin Aypar - Atilla Ergün,1989
Mavi Kelebekler,Sinevizyon,Metin Balekoğlu,1,Dram - Savaş,TRT 1,Alma Terzic - Burak Hakkı - Oya Okar - Yunus Emre Yıldırımer,2011
Benim İçin Ağlama,Yağmur Ajans,Ümit Efekan,1,Drama,TGRT,Fatma Girik - Bulut Aras - Yeşim Büber - Ebru Akel - Gökhan Tepe,2000
Türk'ün Uzayla İmtihanı,Süreç Film,Uğur Yağcıoğlu,1,Komedi - Bilimkurgu,Show TV,Ufuk Özkan - Peker Açıkalın - Sinan Çalışkanoğlu - Özge Ulusoy - Veysel Diker - Bala Atabek - Ayşe Melike Çerçi - Bülent Çolak - Yonca Oskay - Haki Biçici -,2012
İtilmiş ve Kakılmış,Sinegraf Tükenmezkalem Film,Osman Sınav - Mustafa Şevki Doğan - Orhan Oğuz - Kartal Tibet - Adnan Güler,4,Aksiyon - Polisiye - Suç - Gerilim - İstihbarat - Komedi - Dram,Star TV -  - Show TV,İlyas İlbey - Yasemin Yalçın,1997
Sır Gibi,FM Yapım,Şengül Halat,1,Aile - Dram - Aşk,Star TV,İsmet Üstekin - Kaya Erdaş - Tuğçe Ersoy - Murat Ünalmış - Ece Özdikici - Gülenay Kalkan - Ayşegül Uygurer - Aylin Kontente - Hikmet Karagöz - Burak Davutoğlu - Feyza Işık - Sezin Akbaşoğulları - Erdoğan Tutkun,2007
Avrupa Avrupa,Mia Yapım,Cevriye Demir,3,Sitcom,TRT 1,Tarık Ünlüoğlu - Selen Seyven - Burak Serdar Şanal - Bahar Süer - Zuhal Topal - Şehsuvar Aktaş - Kadir Çöpdemir - Günay Karacaoğlu - Ahmet Saraçoğlu - Durukan Çelikkaya,2011
Bıçak Sırtı,TMC,Selim Demirdelen,1,Drama,Kanal D,Nejat İşler - Melisa Sözen - Fikret Kuşkan - Vildan Atasever - Mehmet Günsür - Mahir Günşiray - Erkan Can - Batuhan Karacakaya,2007
Zalim,Böcek Yapım,Faruk Teber - Jale İncekol,1,Macera,Star TV,Mahsun Kırmızıgül - Ceyda Düvenci - Zafer Ergin - Nebahat Çehre - Ümit Okur - Şafak Sezer - Taner Ertürkler - Ali Emre Ateş - Levent Yılmaz - Cezmi Baskın - Damla Özen - Güner Özkul - Aliye Uzunatağan - Evren Alganatay,2003
Karakolda Ayna Var,TRT,Kudret Sabancı,1,Komedi,TRT 1,Müjde Ar - Erdal Özyağcılar - Perihan Savaş - Hasan Demircan - Suavi Eren - Alev Sururi - Avni Yalçın,2000
Aşkım Aşkım,Yağmur Ajans,Filiz Kaynak -  (2001-2002) - Nursan Esenboğa -  (2008),2,Komedi,Kanal D -   - Kanal 1,Emel Sayın - Mehmet Ali Erbil - Doğa Rutkay - Engin Günaydın - Günay Karacaoğlu - Ayumi Takano,2001
Gönülçelen,Tims Productions,Cevdet Mercan - Ahmet Katıksız,2,"Dram - ,  - komedi",atv,Tuba Büyüküstün - Cansel Elçin - Onur Saylak,2010
Kadın İsterse,Mint Ay Yapım İmaj TV  (teknik yapım),Bora Tekay,2,Dram - Komedi,Star TV -    - Show TV,Hülya Avşar - Cihan Ünal - Deniz Çakır - Zerrin Sümer - Derya Baykal - Kazım Akşar - Burçin Terzioğlu - Vildan Atasever - Oğuz Oktay - Cahit Kaşıkçılar - Elif Tayhan,2004
Sayın Bakanım,Medyapım,Fatih Aksoy - Fatmanur Sevinç,1,Komedi,atv,Ali Sunal - Haluk Bilginer - Haldun Dormen - Kenan Işık,2004
Çılgın Bediş,D Productions,Turgut Yasalar -  (1-5) - Yavuz Figenli -  (6-53) - Çetin İnanç -  (54-65) - Ömer Uğur -  (66-70),4,Gençlik - Komedi,Kanal D -   - Show TV,Yonca Evcimik - Cenk Torun - Çiçek Dilligil - Selahattin Taşdöğen,1996
Pis Yedili,Tükenmezkalem Film,Haluk Bener -  (1) - Süleyman Seçik -  (2-26) - Kartal Çidamlı -  (27-66) - Doğan Ümit Karaca -  (67-71) - Osman Taşcı -  (72-101),3,Gençlik - Komedi,Show TV,Kadir Doğulu - Eda Ece - Melis Babadağ - Uraz Kaygılaroğlu - Burak Alkaş - Halil Babür - Ayşegül Aldinç - Hazal Şenel - Sezer Arıçay - Ümit İbrahim Kantarcılar - Bükre Atala - Ahmet Yıldırım - Melih Selçuk - Ümit Erlim - Güneş Zavrak - Ecem Karavus - Turan Özdemir - Asuman Dabak - İlkay Akdağlı - Harun Kolçak - Ceren Soylu - Barış Akan - Nevzat Çiftçi -,2011
Ah Ana,TRT,Tarık Alpagut,1,Komedi - Sitcom - Dram,TRT 1,Beyhan Saran - Halil İbrahim Kalaycıoğlu - Erol Kardeseci - Alpay İzbırak - Nurtekin Odabaşı - Hülya Gülşen Irmak - Jale Aylanç,1988
Yerim Seni,Devekuşu, Zeki Alasya -  - Adem Ayral,1,Komedi,Star TV,Serdar Akar - Adem Ayral - Zeki Alasya,1997
Öğretmen Kemal,Mint Prodüksiyon,Hamdi Alkan,1,Gençlik - Komedi,FOX,Bülent Emin Yarar - Asena Tuğal - Kerem Arslanoğlu - Aras Aydın - Yalçın Seyhan - Ayşegül Erus - Burcu Altın - Can Sipahi - Ege Kökenli,2010
Hakkını Helal Et,Ser Film,İsmail Güneş -  (1-6)  -  Naci Çelik Berksoy - [1] -  (7-37),1,Dram - Dini,Samanyolu TV,Sitare Akbaş - Mürşid Ağa Bağ - Hamdi Alp,2007
Doktorlar,Medyapım,Merve Girgin - Oğuzhan Tercan - Şenol Sönmez,4,Dram - Medikal,Show TV,Kutsi - Bekir Aksoy - Yasemin Özilhan - Leyla Göksun - Melike Güner - Yeşim Ceren Bozoğlu,2006
Mavi Rüya,Ser Film,Avni Kütükoğlu - Cemile Kırmızı Karadaş,2,Dram - Gerilim,Samanyolu TV,Melda Bekcan - Ali Başar - Esin Civangil,2004
Sevgi Oyunu,Bop Ajans,Oksal Pekmezoğlu,1,Komedi,Star TV,Aydan Şener - Zehra Alptürk - Nuri Alço - Bülent Bilgiç - Murat Parasayar,1994
Ruhsar,ANS Productions,Ümmü Burhan - Samim Değer - Ömür Atay,5,Fantastik - Komedi,Kanal D -   - Kanal D -    - Euro D -    - D Max -    - teve2,Hande Ataizi - Cem Davran,1998
Sakarya Fırat,Sinegraf,Osman Sınav -  (1-15) - Tevfik Şenol -  (1-5) - Aybars Bora Kahyaoğlu -  (1-5) - Raşit Çelikezer -  (10-35) - Emre Kabakuşak -  (36-113) - Veli Çelik -  (114-151),4,Askeri - Aksiyon - Dram - Savaş,TRT 1,Tayanç Ayaydın - Ceren Hindistan - Deniz Arna - İsmail Hakkı Ürün - Gerçek Sağlar - Kürşat Alnıaçık,2009
Bir Bulut Olsam,Tims Productions,Ulaş İnaç - Hatice Memiş,2,Drama,Kanal D,Melisa Sözen - Engin Altan Düzyatan - Engin Akyürek - Meral Okay - Berfu Öngören - Ünal Silver - Ceren Olcayto - Sema Keçik - Ahmet Kural - Aslıhan Gürbüz - Selim Bayraktar,2009
Bayanlar Baylar,ANS Productions,Erdoğan Engin,1,Komedi,Kanal D,Oktay Kaynarca - Hande Ataizi - Günay Karacaoğlu - Yavuz Bingöl - Levent Üzümcü - Aşkın Nur Yengi - Belma Canciğer - Sümer Tilmaç - Emine Ün - Mansur Ark - Nükhet Duru - Özlem Yıldız,2002
Umut Taksi,TRT,Yusuf Kurçenli -  (8 bölüm)  - Avni Kütükoğlu -  (44 bölüm),2,Dram,TRT 1,Dilaver Uyanık - Yılmaz Erdoğan - Ferdi Akarnur - Necati Bilgiç - Tayfun Çorağan - Nüvit Özdoğru - Ayla Algan,1992
Cennet Mahallesi,Erler Film,Serdar Akar -  (1-6) - Yaşar Seriner -  (7-119),3,Komedi,Show TV,Melek Baykal - Müjdat Gezen - Özkan Uğur - Alişan - Çağla Şıkel - Zeki Alasya,2004
Şehnaz Tango,Ar Ajans,Taner Akvardar - Semih Kaplanoğlu - Sadullah Celen - Nursan Esenboğa - Hüdaverdi Yavuz,4,Romantik komedi - Dram - Aşk,Show TV -   - Star TV,Perran Kutman - Erdal Özyağcılar,1994
Hayat Devam Ediyor,Boyut Film,Cemal Şan - Mahsun Kırmızıgül - Yıldız Hülya Bilban - Levent Türkan,2,Dram,atv,Fikret Kuşkan - Arif Erkin Güzelbeyoğlu - Meltem Miraloğlu - Şenay Gürler - Rozet Hubeş - Onur Tuna - Neslihan Atagül - Rana Cabbar - Sera Tokdemir - Serkan Şenalp - Ali Barkın - Çağla Şimşek,2011
Büyümüş de Küçülmüş,D Productions,Cem Karcı,1,Sit-com - Komedi,Kanal D,Mehmet Ali Erbil - Melisa Sözen - Nilgün Belgün - İlkay Saran - Taner Ergör - Pamela Spence - Gökçe Akyıldız - Arda Esen - Sevinç Aktansel - Misak Toros - Kerem Altaylar,2003
Dudaktan Kalbe,Ay Yapım,Andaç Haznedaroğlu,2,Dram,Show TV,Aslı Tandoğan - Burak Hakkı - Özge Özder - Yiğit Özşener - Fadik Sevin Atasoy,2007
Tatlı Bela Fadime,Erler Film,Cankat Ergin,1,Romantik komedi,Star TV,Nehir Erdoğan - Berk Oktay - Cezmi Baskın - Füsun Demirel,2007
Yeni Evli,Tunga Film,Alper Tunga Özdemir,1,Dram - Komedi,TRT 1,Rüştü Asyalı - Erdal Küçükkömürcü - Mert Tanık - Nur Yazar,2007
Kötü Yol,Gold Film,Nisan Akman,1,Drama,Kanal D,Cansel Elçin - Şükran Ovalı - İlker Aksum,2012
Adanalı,Kuzey Prodüksiyon,Adnan Güler  -  Bora Onur  - Tayfun Güneyer,3,Aksiyon - Dram - Komedi - Polisiye,atv,Oktay Kaynarca - Mehmet Akif Alakurt - Ekin Türkmen - Cemal Hünal - Selin Demiratar - Serenay Sarıkaya - Çağkan Çulha - Eda Özerkan - Umut Oğuz,2008
Vazgeç Gönlüm,Gold Film,Ahmet Sönmez,2,Dram - Aksiyon,Star TV,Murat Han - İrem Altuğ - Bulut Aras,2007
Pertev Bey'in Üç Kızı,TRT,Tunç Başaran,1,Komedi,TRT 1,Serdar Gökhan - Deniz Evrenol - Deniz Gökçer - Başak Daşman - Damla Sönmez - Orhan Aydın - Itır Esen,2006
İffet,Gold Film,Faruk Teber,2,Drama,Star TV,Deniz Çakır - İbrahim Çelikkol - Mahir Günşiray,2011
Bay Kamber,Doku Film,Ünal Küpeli,1,Komedi - Macera - Aile,Star TV,Kemal Sunal - Ebru Şimşek - Murat Aydın - Bülent Bilgiç - Necdet Yakın - Emrah Demirci,1994
Gülbeyaz,eyeQ prodiction,Özer Kızıltan,1,Macera - Drama,Kanal D,Şevval Sam - Nejat İşler - Meral Çetinkaya - Kamran Usluer - Bora Ayanoğlu - Yeşim Ceren Bozoğlu,2002
Çocuklar Ne Olacak,Mint Prodüksiyon,Raşit Çelikezer,1,Aile - Komedi,Star TV,Ayşecan Tatari - Furkan Kızılay - Özgür Ozan - Zeyno Günenç - Ferdi Akarnur - Ayşen Tekin,2004
Mihriban,TRT Gold Film,Yalçın Yelence,1,Dram,TRT 1,Hülya Koçyiğit - Sevinç Gürşen Akyıldız - Lemi Filozof - Erdal Özyağcılar - Oktay Korunan - Ebru Gediz - Cevdet Arıcılar,2002
Zehirli Çiçek,Erler Film,Temel Gürsu - 	Samim Değer,2,Dram - Gerilim,Show TV,Tuğba Özay - Çağla Şıkel - Aysun Kayacı - Özlem Savaş - Burak Hakkı - Kerem Alışık - Faruk Peker - Tarık Tarcan - Karahan Çantay - Levent Özdilek - Petek Dinçöz - Zuhal Topal - Sibel Gökçe - Güneş Berberoğlu - Efgan Efekan - Ahmet Uz - Semra Dinçer - Orçun Sonat,2000
Koçum Benim,Replik Ajans,Vecihi Ener - Serdar Akar,2,Komedi - Aile,TRT 1,Tarık Akan - Ebru Cündübeyoğlu - Engin Altan - Sevil Üstekin - Zihni Göktay - Ozan Güven - Yunus Günçe,2002
Şaşıfelek Çıkmazı,TRT,Mahinur Ergun - (1996-1998) - Çağan Irmak -  (2001),4,Drama,"TRT 1 -  ,",Derya Alabora - Zuhal Gencer - Fikret Kuşkan - Füsun Demirel - Dilaver Uyanık - Suzan Aksoy - Mahperi Mertoğlu - Aysun Metiner - Hakan Tanfer,1996
Bir Aşk Uğruna,Mine Film,Tunca Yönder,1,Dram,atv,Türkân Şoray - Can Gürzap - Faruk Peker,1994
Utanmaz Adam,Koliba Film,Tunca Yönder,1,Komedi,atv,Okan Bayülgen - Zafer Algöz - Bennu Yıldırımlar - Settar Tanrıöğen,1998
İstanbul’un Altınları,Calinos Entertainment,Haluk Özenç,1,Komedi,atv,Haluk Bilginer - Demet Akbağ - Salih Kalyon,2011
Canan,Koliba Film,Bahadır İnce,2,Dram,FOX,Gamze Özçelik - Özlem Conker - Ragıp Savaş - Erdinç Gülener - Neriman Uğur - Mehmet Atay,2011
Melekler Korusun,Tims Productions,Cevriye Demir - Kerem Çakıroğlu,2,Dram - Gençlik,Show TV,Özge Özpirinçci - Selin Şekerci - Rojda Demirer - Hümeyra - Avni Yalçın - Serkan Altunorak - Mahperi Mertoğlu - Yıldız Kültür - Alper Saldıran - Ömer Köse - Taner Barlas - Cem Aktaş  - Şebnem Gürsoy - Şamil Kafkas - Zeynep Köse - Ceylan Dizdar - Cansın Özyosun,2009
Şubat Soğuğu,Ser Film,Murat Saraçoğlu -  (1-6) - Gürsel Ateş (7-14) - Etka Yeşiltepe (15) - Sabri Saydam (16-28) - Demir Keskin (29-63) - Avni Kütükoğlu (64-78),2,Dram - Polisiye,Samanyolu TV,Kenan Bal - Suavi Eren,2004
Ayşecik,Koliba Film,Ayhan Önal - Gürsel Ateş,2,Drama,Show TV,Ecem Kanun,1997
Arka Sıradakiler,MinT Prodüksiyon Best Prodüksiyon,"Hamdi Alkan - (1-160, 171-193) - Ali Bilgin -  (161-170)",6,Gençlik - Dram,FOX -    - TNT,Bülent Emin Yarar - Bülent Çetinaslan - Sinem Öztürk - Barış Atay Mengüllü - Pelin Akil - Fırat Çöloğlu,2007
İki Dünya Arasında,Ser Film,Fatih Derin - Muhammet Gök,4,Dram - Aile,Samanyolu TV,İnanç Ömer Benlioğlu - Başak Zebil - Sevinç Kumaş - Gökben Derviş,2012
Acemi Cadı,D Productions,Feride Kaytan,2,Fantastik - Komedi,Kanal D -   - Star TV,Merve Boluğur - Şenay Gürler - Nergis Kumbasar - Çağkan Çulha,2006
Merhaba Hayat,Medyapım,Hülya Bilban,1,Medikal - Drama,FOX,Vahide Perçin - Yetkin Dikinciler,2012
Dila Hanım,Gold Film,Onur Tan -  (2012) - Aydın Bulut -  (2012-2013) - Nihat Durak -  (2013-2014) - Adnan Güler -  (2014),2,Aşk - Drama,Star TV -     - Show TV,Erkan Petekkaya - Hatice Şendil - Mahir Günşiray - Hülya Darcan - Necip Memili - Yonca Cevher - Emre Melemez - Görkem Mertsöz,2012
Kül ve Ateş,Asis Film,Cemile Kırmızı Karadaş,1,Dram,Star TV,Serhat Tutumluer - Başak Köklükaya - Hakan Balamir - Şerif Sezer,2009
Dur Yolcu,TRT,Hakan Şahin - İsmail Güneş,1,Dram - Savaş - Tarihî,TRT 1,Hazım Körmükçü - Selin Demiratar - Cem Kılıç - Ebru Kocaağa - Murat Soydan - Ahmet Yenilmez - Umut Özkan - Emre Tetikel,2008
Deli Yürek,Sinegraf,Osman Sınav,4,Aksiyon - Dram - Politik,Show TV -   - atv,Kenan İmirzalıoğlu - Zeynep Tokuş - Melda Bekcan - Demir Karahan - Kürşat Alnıaçık - Ali Sürmeli - Selçuk Yöntem,1998
Sultan,İstanbul Mass Media,Azime Kanal - Şengül Halat,1,Dram - Komedi,Kanal D,Nurgül Yeşilçay - Şahin Irmak - Merve Altınkaya - Nur Sürer - Settar Tanrıöğen - Hande Dane - Seray Gözler - Hüseyin Karaca - Orhan Şimşek - Orhan Güner,2012
Kurtlar Vadisi,Sinegraf  (2003-2004)  Pana Film  (2004-2005),Osman Sınav -  (1-55)  - Mustafa Şevki Doğan -  (21-55)  - Serdar Akar -  (56-97),4,Aksiyon - Dram - Politik,Show TV -    - Kanal D,Necati Şaşmaz - Özgü Namal - Selçuk Yöntem - Oktay Kaynarca - Zafer Ergin - Gürkan Uygun,2003
Doğruluk Ekseni,Ser Film,Taner Tunç,1,Dram,Samanyolu TV,Rahman Görede,2008
Büyük Yalan,Gold Film [1],Yüksel Aksu - Adnan Güler,2,Drama,atv - [2],Emrah - Sinem Öztufan,2004
Sensiz Olmuyor,Yağmur Ajans,Hakan Arslan - Taner Akvardar,1,Drama,Show TV -    - Kanal D,Özlem Conker - Yeliz Şar - Emre Altuğ - Okan Yalabık - İpek Tanrıyar - Ebru Gürsoy - Tayfun Çorağan - Zeynep Eronat - Mehmet Ali Kaptanlar - Ayşegül Uygurer - Kamil Sönmez - Bülent Şakrak - Durul Bazan - Mahir İpek - Onuryay Evrentan - Gülsüm Kamu - Aslan Altın,2005
Üç Kadın,TRT,Atıf Yılmaz - Oğuz Yalçın - Çiğdem Sezgin,1,Dram,TRT 1,Fikret Hakan - İpek Tenolcay - Fatma Karanfil - Nefise Karatay - Murat Ünalmış - Suna Keskin - Zerrin Arbaş,2005
Portatif Hüseyin,Star 1  (1991-1992)  HBB  (1992-1993),Gül Erbil - Ümit Volkan,2,Komedi,Star TV -   - HBB,Nezih Tuncay - Orçun Sonat - Yasemin Koşat - Ali Yalaz - Hadi Çaman - Halit Akçatepe - Gönül Tuncay - Ayşegül Uygurer,1991
Bizim Evin Halleri,TRT Focus Film,Tülay Eratalay - Tarık Alpagut - Cafer Özgül - [1],10,Aile - Komedi - Duygusal - Dram,TRT 1 -   - Kanal 1 -   - atv,Beyhan Saran - Meral Niron - Emel Göksu - Ayşe Nil Şamlıoğlu - Şahap Sayılgan - Nusret Çetinel - Pervin Ünalp - Burak Demir - Murat Demir - Ozan Şenozan - Berfu Öngören - Hülya Gülşen Irmak - Dilara Yalçın,2000
Çemberimde Gül Oya,Avşar Film,Çağan Irmak,1,Dram - Politik,Kanal D,Selda Alkor - Özge Özberk - Mehmet Ali Nuroğlu - Tuba Büyüküstün - Melisa Sözen - Suzan Aksoy - Şerif Sezer - Kenan Bal - Işıl Yücesoy,2004
Sırılsıklam,Ulus Production,Temel Gürsu,2,Drama - Macera,Show TV,İbrahim Erkal - Melis Yamalıoğlu - Süleyman Turan - Engin Koç - Canan Perver - Deniz Eroğlu - Yosi Mizrahi - Eşref Kolçak - Kuzey Vargın - Engin Günay - Şener Gezgen - Burçin Terzioğlu,1998
Ezel,Ay Yapım,Uluç Bayraktar,2,Aksiyon - Dram,Show TV -   - atv,Kenan İmirzalıoğlu - Cansu Dere - Yiğit Özşener - Barış Falay - Tuncel Kurtiz - Haluk Bilginer,2009
Küstüm Çiçeği,Medya Skala,Kemal Uzun,1,Komedi - Aile,TRT 1,Salih Kalyon - Füsun Demirel - Ali Erkazan - Esra Ronabar - Engin Hepileri - Sezin Akbaşoğulları - Sezgi Mengi - Ayşenur Yazıcı - Sevim Gelenbe - Murat Cemcir - Aydoğan Oflu - Erdal Tosun - Nalan Gücüpek - Ayfer Dönmez - Emin Gürsoy - Zeynep Evrim Aydın - Kaya Akarsu,2010
İz Peşinde,TRT,Hüseyin Karakaş,3,Aksiyon - Dram - Duygusal - Gerilim - Macera - Polisiye,TRT 1 -    - Star TV,Mehmet Aslantuğ - Erol Taş - Gülen Karaman - Osman Yağmurdereli - Serdar Bostancı - Bensu Orhunöz - Orsel Sonat,1990
Bir İstanbul Masalı,TMC,Ömür Atay,2,Aşk - Drama,atv,Mehmet Aslantuğ - Ahu Türkpençe - Çetin Tekindor - Altan Erkekli - Arsen Gürzap - Vahide Perçin - İsmail Hacıoğlu - Ozan Güven,2003
Aile Saadeti,Fabrika Yapım,Cankat Ergin,1,Aile - Komedi,atv,Yetkin Dikinciler - Engin Hepileri - Sibel Taşçıoğlu - Ayberk Atilla - Güzin Usta,2009
Aşağı Yukarı Yemişlililer,BKM Mutfak,Şahin Altuğ,1,Komedi,atv,Şahin Irmak - Sülo  - Bülent Emrah Parlak - Mikail  - Murat Eken - Serhat  - Büşra Pekin - Menekşe  - Gülhan Tekin - Emine  - Burcu Gönder - Handan,2011
Pulsar,Rüzgar Yapım,Ayşe Şule Bilgiç - Mustafa Yaşar - Serkan İpekören - Kartal Çidamlı,1,Aile,Star TV,Pulsar Von Juliet - Ayberk Koçar - Buket Dereoğlu - Kayra Şenocak - Ecem Uzun,2008
Aynadaki Düşman,Rumeli Film,Hakan Kurşun,1,Dram - Aksiyon,TRT 1,Şafak Sezer - Haluk Piyes - Barış Kılıç - Mine Tugay - Mahir Günşiray - Fadik Sevin Atasoy,2009
Küçük Kadınlar,D Productions,Hakan Arslan,3,Dram,Kanal D -   - Star TV,Özge Borak - Hande Soral - Fulya Zenginer - Ekin Türkmen - Elit İşcan - Selin Ilgar - Ali İl - Birsen Dürülü - Ahmet Tansu Taşanlar - Nur Hayat Boz - Kıvanç Kasabalı - Ahmet Levendoğlu - Burak Sağyaşar - Simge Selçuk - Hülya Şen - Cevdet Arıcılar - Ayşegül Günay - Duygu Keser - Emre Tetikel - Kemal Pekser,2008
Yuva,TRT,Mehmet Taşdiken,1,Duygusal - Aile,TRT 1,Tamer Yiğit - Sema Çelebi - Muhterem Nur - Mesut Çakarlı - Tunç Güntay - Kuzey Vargın - Nazan Saatçi,1990
İkinci Bahar,Erler Film Most Production,Uğur Yücel - Orhan Oğuz - Türkan Derya,3,Dram,atv,Türkan Şoray - Şener Şen - Tarık Papuççuoğlu - Güven Hokna - Nedim Saban - Özkan Uğur - Nurgül Yeşilçay - Ozan Güven,1998
Adak,Gold Film,Adnan Güler,1,Drama,Show TV,Emrah - Hande Subaşı,2006
Hatırla Sevgili,Sis Yapım,Ümmü Burhan,2,Dram - Romantik - Tarihî,atv,Cansel Elçin - Beren Saat - Okan Yalabık,2006
Süper Baba,Kare Ajans,Osman Sınav - Tunca Yönder - Orhan Oğuz - Kartal Tibet - Feyzi Tuna,4,Dram,atv,Şevket Altuğ - Jülide Kural - Seray Gözler - Sümer Tilmaç - İsmet Ay - Şevval Sam - Bennu Yıldırımlar,1993
Gümüş,D Productions,Tarık Alpagut - Kemal Uzun,3,Dram - Romantik,Kanal D,Kıvanç Tatlıtuğ - Songül Öden - Ekrem Bora,2005
Küçük Besleme,"Yeni Yapımlar Yönder Ltd,Şti",Tunca Yönder,3,Dram,Star TV,Tomris Oğuzalp - Nur Kulakoğlu - Esmeray - Gökhan Eğilmezbaş - Kuzey Vargın,1999
Kuruntu Ailesi,TRT,Uğur Erkır,5,Komedi - Sitcom,TRT 1,Gazanfer Özcan - Gönül Ülkü - Doğu Erkan - Gazanfer Ündüz - Fulya Özcan - Zihni Göktay - Can Kolukısa,1985
Vay Anam Vay,D Productions,Erdoğan Engin,1,Komedi,Kanal D,Nevra Serezli - Atilla Olgaç - Sıdıka Şenkan - Ayhan Kavas - Gülen Karaman - Hakan Vanlı - Burçak Işımer - Metin Zakoğlu - Saydam Yeniay - Melike Güner - Alev Cınbarcı - Rüyam Olunçay - Parkan Özturan - Kaya Gürel - Ezgim Kılınç - Mustafa Uzunyılmaz - Nesrin İşçi - Nihal Menzil -,2000
Aliye,TMC Film,Kudret Sabancı,3,Dram,atv,Sanem Çelik - Nejat İşler - Halit Ergenç,2004
Kurtuluş,TRT,Ziya Öztan,1,Tarihî,TRT 1,Rutkay Aziz - Mahmut Cevher - Savaş Dinçel - Altan Erkekli - Ayda Aksel - Macide Tanır,1994
Keşanlı Ali Destanı,D Productions,Çağan Irmak,1,Epik - Dram - Politik,Kanal D,Nejat İşler - Belçim Bilgin,2011
Kınalı Kuzular,TRT,Tunç Davut,1,Tarihî,TRT 1,Ziya Kürküt -  -Ahmet Mümtaz Taylan -  Emin Gürsoy - Demir Karahan - Fatma Karanfil,2006
Görgüsüzler,Erler Film,Yaşar Seriner,1,Komedi,atv,Melek Baykal - Zeki Alasya - Çağla Şikel - Mert Öcal - Levent Ülgen - Zihni Göktay - Ümit Yesin - Veysel Diker - Şeyla Halis - Bahar Öztan,2008
Aşk-ı Memnu,Ay Yapım,Hilal Saral,2,Dram - Romantik,Kanal D,Beren Saat - Kıvanç Tatlıtuğ - Selçuk Yöntem - Hazal Kaya - Nebahat Çehre - Zerrin Tekindor - Nur Fettahoğlu,2008
Türkan,Koliba Film,Türkan Derya - Cemal Şan,1,Dram,Kanal D,Pınar Öğün - Saygın Soysal - Özgürcan Çevik,2010
Güldünya,TMC,Ömür Atay,1,Dram,Star TV,Sanem Çelik - Yeliz Doğramacılar - Songül Öden,2008
Genco,D Productions,Kemal Uzun,1,Dram - Fantezi,Kanal D,Alpay Kemal Atalan - Selen Seyven - Hazal Kaya,2007
Hürrem Sultan,Medyapım,Fatih Aksoy - Fatmanur Sevinç,1,Tarihî,Star TV,Gülben Ergen - Ali Sürmeli - Hatice Aslan - Serdar Deniz,2003
Yeşeren Düşler,Ser Film,Taner Tunç,2,Dram,Samanyolu TV,Bilgehan Birincioğlu - Gülşah Şahin,2006
Acı Hayat,Sinegraf,Abdülkadir Ceylan Ede,2,Dram - Aksiyon,Show TV,Kenan İmirzalıoğlu - Selin Demiratar - Oğuz Galeli - Ebru Kocaağa - Ahmet Yenilmez - Murat Soydan - Meral Orhonsay - Ferdi Merter - Anta Toros,2005
Şefkat Tepe,Ser Film,Erhan Baytimur - Engin Koç,4,Aksiyon - Askeri - Dram - Savaş,Samanyolu TV,Mert Kılıç - Ertuğrul Şakar - Aslıhan Güner - Dilara Büyükbayraktar - Mehmet Korhan Fırat - Bora Karakul - Merve Akaydın - Gülşah Küçükyıldız,2010
Yabancı Damat,Erler Film,Yağmur Taylan - Durul Taylan,3,Dram,Kanal D,Erdal Özyağcılar - Sumru Yavrucuk - Nehir Erdoğan - Özgür Çevik - Arif Erkin - Zeki Alasya - Binnur Kaya - Tülin Oral - Yılmaz Gruda,2004
Harem,Tükenmezkalem Film,Süleyman Seçik,1,Sitcom,FOX,Levent Üzümcü - Nurseli İdiz - Belma Canciğer - Başak Sayan - Çiçek Dilligil - Duygu Şen - Zuhal Yalçın - Önder Açıkbaş - Mehmet Ali Erbil - Serhan Arslan - Gamze Karaman - Ömür Özdemir - Hande Katipoğlu,2012
Ritmini Arayan Kalpler,Ser Film,Hasan Kıraç,1,Dram,Samanyolu TV,Yaren Aynuz,2009
Aşk ve Ceza,TMC Film,Kudret Sabancı,2,Dram - Aşk - Romantik,atv,Murat Yıldırım - Nurgül Yeşilçay - Feride Çetin - Tomris İncer - Caner Kurtaran,2010
Efsane,Replik Ajans,Tunç Başaran,1,Fantastik - Polisiye - Macera,Star TV,Şemsi İnkaya - Tardu Flordun,2002
Seksenler,MinT Motion Pictures,"Birol Güven - (2012) - Müfit Can Saçıntı - (2012-2016) - Bora Tekay - (2016-2017, 2019-2021, 2022) - Mustafa Uğur Yağcıoğlu - (2021-2022)",10,Sitcom - Nostalji - Romantik,TRT 1 - Beyaz TV,Özlem Türkad - Şoray Uzun - Ayşe Tolga - İlker Ayrık - Zeynep Sever - Eski başroller - Rasim Öztekin - Yasemin Baştan - Serhat Kılıç - Ceyhun Fersoy,2012
Bir Zamanlar Osmanlı,Herşey Film,Altan Dönmez,2,Tarihî,TRT 1,Türkân Şoray - Özcan Deniz - Aslı Tandoğan - Cemal Hünal - Tolga Karel - Hâzım Körmükçü - Fırat Tanış,2012
Dinle Sevgili,Base Yapım,Neslihan Yeşilyurt,2,Dram - Aşk,FOX,Cem Kılıç,2011
Kanıt,ANS Productions,Biray Dalkıran,3,Polisiye,Kanal D,Sevil Atasoy - Engin Benli - Deniz Celiloğlu - Tolga Karel,2010
Çiçek Taksi,Ulusal Radyo Televizyon Erler Film,Yaşar Seriner - Ümit Efekan - Mehmet Bozkuş - Erdoğan Tokatlı,7,Aile - Komedi,atv -   - TRT 1,Erol Günaydın - Eşref Kolçak - Ümit Yesin - Bekir Aksoy - Cengiz Küçükayvaz -,1995
Karayılan,Sis Yapım,Cem Akyoldaş - Feride Kaytan,1,Tarihî - Dram,atv,Bülent İnal - Begüm Birgören - Engin Akyürek,2007
Halil İbrahim Sofrası,TRT,Ahmet Katıksız,1,Komedi - Aile - Dram,TRT 1,Hasan Kaçan - Kadir Çöpdemir - Ahmet Yenilmez - Burak Satıbol - Seray Gözler - Ayçe Abana - Özlem Türay - İnan Ulaş Torun - Özge Sezince Varley - Serkan Ercan,2010
Gözlerinde Son Gece,Gold Film,Faruk Turgut,1,Drama,Star TV,Türkan Şoray - Rutkay Aziz - Kaan Girgin - Selen Yıldız - Levent Özdilek - Atilla Olgaç - Bülent Bilgiç,1996
Benim Annem Bir Melek,BKM Film İmaj  (post prodüksiyon),Hakan Algül,3,Aile - Durum komedisi,atv -    - Star TV -    - a2,Oya Başar - Tarık Ünlüoğlu - Dolunay Soysert - Ali Sunal - Şehsuvar Aktaş - Ayçin İnci,2008
Küçük İbo,Sedine Prodüksiyon,Hüseyin Karakaş - Zeynep Tor,4,Dram - Gerilim,Show TV,"İbrahim Küçük -  (İbo), - Bülent Bilgiç -  (Hasan), - Yasemin Koşal -  (Aysel), - Levent Üzümcü -  (Raşit), - Nazan Ersan -  (Cemile), - Selen Güzel -  (Mine), - Ceyda Ateş -  (Elmas), - Canan Kılıç -  (Ayşe), - Günyol Bakoğlu -  (Mehmet), - Nurhan Yılma -  (Menekşe), - Şinasi Yurtsever -  (Selçuk) - Canan Akgül -  (Hatice) - Merve Erdoğan -  ()",1997
Baba Evi,Muhteşem Film,Yusuf Kurçenli - Orhan Oğuz - Mahinur Ergun - Feyzi Tuna - Erden Kıral,4,Dram,atv,Halil Ergün - Deniz Gökçer - Sevinç Erbulak - Ayşegül Ünsal - Altan Karındaş - İsmet Ay - İhsan Devrim,1997
Sevgili Dünürüm,Gold Film,Hakan Algül,1,Durum komedisi,Star TV,Engin Altan Düzyatan - Rojda Demirer - Haluk Bilginer - Sumru Yavrucuk,2007
Alacakaranlık,Paranoya TV,Yağmur Taylan - Paxton Winters - Durul Taylan - Alican Yücel,2,Polisiye - Macera - Gerilim - Aksiyon,Show TV,Uğur Yücel - Kenan İmirzalıoğlu,2003
Yağmurdan Sonra,Samanyolu TV,Cemile Kırmızı Karadaş (1-4)  -  U. Yağmur Yavuz (5-14)  -  Hüdaverdi Yavuz (15-19)  -  Naci Çelik Berksoy (20-39),1,Dram,Samanyolu TV,Seçil Mutlu - Yıldız Çağrı Atiksoy - Ali Sürmeli - Atilla Olgaç - Kayra Şenocak - Sefa Zengin,2006
Böyle Bitmesin,AT Yapım,Emre Kabakuşak,2,Dram - Polisiye - Sosyal,TRT 1,Yeliz Kuvancı - Nergis Öztürk - Cemal Toktaş,2012
Zerda,TMC,Kudret Sabancı,2,Drama,atv,Yavuz Bingöl - Ece Uslu - Burak Sergen - Güven Hokna - Halit Ergenç - Hülya Şen,2002
Kara Melek,Eylül TV,Uğur Erkır -  (1. sezon) - Dilek Gökçin - Türkan Derya,4,Macera - Dram,Star TV,Sanem Çelik - Ece Uslu - Mustafa Alabora - Toprak Sergen - Ziya Kürküt - Zehra Alptürk - Aliye Uzunatağan - Sevtap Çapan - Memet Ali Alabora - Şenay Gürler - Ebru Akel - Yağmur Kaşifoğlu -  ve  - Zerrin Arbaş,1997
Belalı Baldız,Medyapım,Fatih Aksoy - Yonca Güzelpınar - Günay Köker,1,Komedi - Aile,atv,Nurgül Yeşilçay - Berna Laçin - Kenan Işık - Mehmet Aslan - Cemre Özer - Sedef Şahin - Raffaele Cedolini - Selin Denizli,2005
Karışık İş,Ay Yapım,Uğur Erkır,1,Komedi,Star TV,Gazanfer Özcan - Gönül Ülkü - Füsun Önal - İsmail İncekara - Saltuk Kaplangı - Gazanfer Ündüz - Fulya Özcan - Çiçek Dilligil - Göksel Kortay,1991
Benim İçin Üzülme,Boyut Film,Serkan Birinci,2,Dram,atv -    - Show TV,Fulya Zenginer - Tansel Öngel - Çağlar Ertuğrul - Öykü Çelik - Rana Cabbar - Beyazıt Gülercan,2012
Kavak Yelleri,Tims Productions,Jale İncekol - Cevdet Mercan - Osman Taşcı,5,Gençlik - Dram,Kanal D,Dağhan Külegeç - Pelin Karahan - İbrahim Kendirci - Aslı Enver - Sarp Apak - Ceren Moray -  Cemil Büyükdöğerli  - Ferit Aktuğ - Lale Mansur,2007
Fırıldak Nuri,Gold Film,Aydın Bağardı,1,Komedi,Star TV,Mehmet Ali Erbil - Hamdi Alkan - Baykal Kent,1995
Eyvah Babam,Doku Film,Ünal Küpeli -  (1–39)  -  Cemal Kavrar (35–39),2,Komedi,Kanal D,Haluk Bilginer - Osman Cavcı - Savaş Ay - Uğur Kıvılcım - Umut Sezgin - Açelya Elmas,1998
Yahşi Cazibe,Süreç Film,Bora Onur,2,Romantik komedi - Sit-com,atv -   - a2,Hakan Yılmaz - Aslıhan Gürbüz - Gökçe Özyol - Hande Katipoğlu - Ege Kökenli - Bekir Aksoy - Sezai Aydın - Serhan Arslan,2010
Aşk Kapıyı Çalınca,Koliba Film,Ömer Gökhan Erkut,1,Dram - Duygusal,Star TV,Burak Kut - Burak Davutoğlu - Erdal Küçükkömürcü - Bahar Öztan - Aslı Yılmaz - Nihal Menzil - İpek Erdem - Bersun Goriça - Deniz Özmen - Hümeyra Aydoğdu - Selçuk Özdoğan - Serap Matyaş - Serkan Uzuner - Çağlar Tüfekçi - Gökhan Özaras - Semra Kaygun,2007
Yedi Numara,TRT,Haluk Bener - Sadullah Celen,3,Gençlik - Komedi,TRT 1,Şebnem Sönmez - Engin Alkan - Tuba Erdem - Okan Selvi - Ayça Mutlugil - Nuray Uslu - Gülden Güney - Volkan Girgin,2000
Düşman Kardeşler,Sinetel Film,Semra Dündar,1,Komedi,Show TV,Tarık Papuççuoğlu - Murat Eken - Kaan Urgancıoğlu - Oya Aydoğan - Hande Subaşı - Burcu Biricik,2012
Suskunlar,Tims Productions,Umur Turagay -  (1)  - Çağatay Tosun -  (2-16)  - Çağrı Vila Lostuvalı -  (17-28) - Hatice Memiş -  (17-28),2,Dram - Gerilim,Show TV,Murat Yıldırım - Sarp Akkaya - Güven Murat Akpınar - Aslı Enver - Berk Hakman - Pelin Akil,2012
Hepimiz Birimiz İçin,Artı Film,Serkan Birinci - Sadullah Celen,1,Romantik komedi - Dram,Kanal D,Seda Güven - Buğra Gülsoy,2008
Bitmeyen Şarkı,Gold Film,Sadullah Celen - Deniz Akçay,1,Aşk - Drama,atv,Bergüzar Korel - Bülent İnal,2010
Gurbet Kadını,Erler Film,Melih Gülgen,2,Dram,Show TV,Meltem Cumbul - Burak Hakkı - Fatma Girik,2003
Asmalı Konak,ANS Productions D Productions,Çağan Irmak,2,Dram - Duygusal,atv,Özcan Deniz - Nurgül Yeşilçay - Selda Alkor,2002
Erkek Tarafı,Marmara Yapım,Cem Sürücü,1,Komedi,Star TV,Burak Sergen - Asuman Dabak - Murat Onuk - Ali Düşenkalkar - Kamil Güler - Nejat Birecik - Güler Ökten - Eylem Şenkal,2005
Zapping Ailesi,Vipsaş,Naci Çelik,1,Aile - Komedi,Kanal D,Selma Güneri - Saadettin Erbil - Tuna Arman - Tuncay Özinel - Engin Tezel - Aytek Yılmaz,1993
Uy Başuma Gelenler,Süreç Film,Berrin Dağçınar,1,Komedi,Show TV,Hakan Yılmaz - Başak Köklükaya - Aykut Oray - Nefise Karatay - Mustafa Üstündağ,2004
Hayat Türküsü,Koliba Film,Hakan Gürtop,2,Dram - Genel,TRT 1,Burak Davutoğlu - Devin Özgür Çınar - Sermin Hürmeriç - Aslı Yılmaz - Tolga Evren - Betül Arım - Melih Görgün - Haldun Boysan - Uğur Çavuşoğlu - Jale Aylanç - İpek Atagün - Canan Güven - Özlem Başkaya,2006
Yazlıkçılar,Bugay Yapım,Yalçın Yelence,6,Aile - Komedi - Macera - Duygusal,TRT 1 -    - Star TV,Engin Şenkan - Ayşe Kökçü - Ercan Yazgan - Sıdıka Şenkan - Güzin Özipek,1993
Emret Komutanım,Altıoklar Film Prodüksiyon,Mustafa Altıoklar -  (Proje genel yönetmeni) - Kartal Tibet - Ömer Uğur - Hakan Algül - Oğuz Yalçın - Taner Akvardar - Haluk Göl - Tuba German - Sarp Levendoğlu - Murat Düzgünoğlu,4,Askeri - Dram - Komedi,Show TV -    - Kanal 1,Sarp Levendoğlu - Demet Evgar - Seda Akman,2005
Savcı,Par Productions,Kadir İnanır,1,Politik - Macera,Star TV,Kadir İnanır - Ani İpekkaya - Aylin Arasıl - Diler Saraç - Gökhan Mete - Mustafa Alabora - İsmet Ay,1992
Kimse Durduramaz,Star 1,Uğur Erkır,1,Komedi,Star TV,Gazanfer Özcan - Gönül Ülkü - Rıza Pekkutsal - Göksel Kortay - Gazanfer Ündüz - Fulya Özcan - Saltuk Kaplangı - Zihni Küçümen - Selahattin Taşdöğen,1991
Kahraman Damat,Star 1,Uğur Erkır,1,Komedi,Star TV,Gazanfer Özcan - Gönül Ülkü - Halit Akçatepe - Tolga Aşkıner - Nilgün Belgün - Toygun Ateş - Rıza Pekkutsal,1992
Kurtlar Vadisi Terör,Pana Film,Sadullah Şentürk,1,Aksiyon - Politik,Show TV,Necati Şaşmaz - Gürkan Uygun - Sönmez Atasoy - Kenan Çoban,2007
Firar,Koliba Film,Cemal Şan,1,Aksiyon - Aşk - Suç,Star TV,Caner Cindoruk - Didem Balçın - İsmail Hacıoğlu - Engin Şenkan - Ece Çeşmioğlu - Eda Özerkan - Lila Gürmen - Haldun Boysan - Şafak Pakdemir - Yavuz Çetin - Osman Akça - Eser Karabil - Beyza Şekerci - Necip Memili,2011
Gurbetçiler,ATV,Yücel Uçanoğlu - Umut Gelgör - Metin Günay,4,Aile - Komedi - Duygusal,atv -    - Kanal 6,Uğur Uludağ - Ahu Türkpençe - Aykut Oray - Berke Üzrek - Yıldırım Öcek,1996
Yersiz Yurtsuz,Avşar Film,Cemal Şan -  (1-3) - Cevdet Mercan -  (4-7) - Şafak Bal -  (8-18),2,Dram,atv,Ferdi Tayfur - Şerif Sezer - Nesrin Cavadzade - Sinan Albayrak,2007
Kızım Nerede?,Medya Vizyon,Atilla Cengiz,1,Suç - Dram,atv,Ece Uslu - Hüseyin Avni Danyal - Burak Hakkı - Özge Gürel - Erdi Bolat - Serkan Şenalp - Nihan Balyalı - Yonca Cevher Yenel - Tolga Savacı - Kamil Güler - Yağmur Kaşifoğlu - Soydan Soydaş - Gamze Karaman - Pelin Yoru - Duygu Şen,2010
Köprü,Koliba Film,Sadullah Şentürk - Çağatay Tosun,2,Dram - Macera - Politik,Star TV,Erdal Beşikçioğlu - Ayşegül Ünsal - İpek Karapınar,2006
Deniz Yıldızı,Focus Film,Ayşe Tügen - Nujin Yıldız - Fırat Gürsoy,7,Aile - Drama - Gençlik - Komedi,FOX -     - Star TV -    - Show TV,Begüm Topçu Turay - Cantuğ Turay,2009
Umut Yolcuları,Erler Film,Ümmü Burhan,1,Polisiye - Aksiyon - Dram - Suç,Star TV,Zuhal Olcay - Yetkin Dikinciler - Haluk Piyes - Sedef Avcı - Bülent Alkış - Zafer Alpat,2010
Örümcek,Sedine Prodüksiyon,Zeynep Tor,4,Dram - Gerilim,Show TV,Nilüfer Kurt - İpek Tenolcay - Betül Arım - Asuman Dabak - Aykut Sözeri,1997
Baba Ocağı,Sinetel Film,Mustafa Şevki Doğan,1,Aile - Komedi,Star TV,Engin Şenkan - Ali Sürmeli - Ali İpin - Suzan Aksoy - Burak Özçivit - Selim Gülgören - Uğur Demirpehlivan - Gülden Dudarık - Ceren Hindistan - Algı Eke,2008
Akasya Durağı,Erler Film,Yaşar Seriner - Cankat Ergin,5,Aile - Komedi,Kanal D -   - Star TV,Zeki Alasya - Melek Baykal - Cezmi Baskın - Levent Ülgen - Onur Şan - Ayça İnci - Timur Acar - Berk Oktay - Kayhan Yıldızoğlu - Pınar Aydın - Tarık Ündüz - Evin Esen - Alp Kırşan - Arda Öziri - Aslı Altaylar - Sitare Akbaş - Suat Sungur - Ümit Yesin - Şeyla Halis - Erol Günaydın - Nilgün Belgün - İlyas Salman - Binnur Şerbetçioğlu - Gülay Baltacı - Pelin Sönmez - Ateş Fatih Uçan - Sema Aras - Balamir Emren - Sinem Ergin - Zeynep Dörtkardeşler,2008
Yasemince,Erler Film, Mustafa Şevki Doğan - Kartal Tibet,12,Komedi,Show TV -   - atv -   - Kanal D -   - Star TV -   - FOX -   - Kanal 7 -   -  - Kanaltürk,Yasemin Yalçın - İlyas İlbey,1993
Üvey Baba,Yeni Yapımlar Yönder TV & Film Ltd.,Tunca Yönder,6,Dram,"Star TV -  ,   - Teleon -   - Flash TV",Şemsi İnkaya - Betül Aşçıoğlu - Burçin Abdullah - Seda Çetin - Tunca Yönder,1998
Fırtınalar,Doku Film,Ünal Küpeli,2,Dram - Aile,Star TV,Ebru Gündeş - Kerem Alışık,1996
Laf Lafı Açıyor,Medyapım,Cem Özer,3,Komedi - Talkshow,Kanal D,Cem Özer - Müjdat Gezen - Cenk Koray,1991
Gönül,Masalevi,Faruk Teber,1,Komedi - Drama,Kanal D,Gülben Ergen - Ragıp Savaş - Güven Kıraç - Şevket Çoruh,2006
Ben Olsaydım,STR Film,Uğur Erkır,1,Komedi - Sitcom,TRT 1,Gazanfer Özcan - Gönül Ülkü - Hadi Çaman - Saltuk Kaplangı - Doğu Erkan - Cengiz Keskinkılıç - Osman Gidişoğlu - Erdoğan Dikmen - Aliye Tölak,1991
Kuzey Güney,Ay Yapım,Mehmet Ada Öztekin - Hilal Saral,2,Aksiyon - Dram - Polisiye,Kanal D,Kıvanç Tatlıtuğ - Buğra Gülsoy - Öykü Karayel,2011
Binbir Gece,TMC,Kudret Sabancı,3,Dram,Kanal D,Halit Ergenç - Bergüzar Korel - Tardu Flordun - Ceyda Düvenci - Tomris İncer - Metin Çekmez,2006
Aysarının Zilleri,TRT,Şahin Gök,1,Dram,TRT 1,Yalçın Dümer Engin İnal Levent İnanır,1992
Eve Düşen Yıldırım,Medyapım,Feride Kaytan,2,Dram,Show TV,Murat Han - Gizem Karaca - Seda Akman - Mehmetcan Mincinozlu - Burcu Tuna,2012
Pembe ve Mavi,Grafi2000,Varol Yaşaroğlu - Berk Tokay,1,Animasyon - Komedi,Kanal D,Buket Yanmaz - Ali Riza Kubilay - Seda Fettahoglu,2005
Kayıp Şehir,D Productions,Cevdet Mercan - Osman Taşcı,1,Dram - Gerilim,Kanal D,Gökçe Bahadır - Nik Xhelilaj - İlker Kaleli - Nazan Kesal - Uğur Polat - Cansu Tosun - Tugay Mercan - Ahmet Mekin - Ayta Sözeri,2012
Ustura Kemal,Süreç Film,Mustafa Şevki Doğan,1,Dram - Tarihî,Show TV,Oktay Kaynarca - Naz Elmas - Emre Kınay,2012
"Dedem, Gofret ve Ben",Yağmur Ajans,Zeki Alasya,1,Komedi - Aile,TRT 1,Zeki Alasya - Selma Güneri - İclal Aydın - Hazım Körmükçü - Nejat İşler - Barış Küçükgüler - Halit Ergenç,2001
Ayrılık,Çağla Production,Onur Tan,2,Aksiyon - Dram,TRT 1,Tuvana Türkay - Türkü Hazer - Erdal Bilingen,2009
Bizim Ev,Altınkesit,İsmail Güneş,3,Aile - Duygusal - Macera,TGRT,Cüneyt Arkın,1996
Adını Feriha Koydum: Emir'in Yolu,Medyapım,Barış Yöş,1,Dram,Show TV -    - teve2,Çağatay Ulusoy - Gizem Karaca - Furkan Andıç - Yusuf Akgün - Zeynep Çamcı - Metin Çekmez - Deniz Uğur - Ahu Sungur - Sedef Şahin,2012
Dadı,Medyapım,Fatih Aksoy - Ebru Yalçın - Yonca Güzelpınar,3,Komedi - Sit-com,Show TV -    - Star TV,Gülben Ergen - Kenan Işık - Haldun Dormen - Seray Sever - Sinem Kobal - İlkay Saran - Yaşar Abravaya - Gökçe Uzuner - Tanju Tuncel - Ercan Süt - Alp Emre Kököz - Altuğ Yücel,2001
Fatmagül'ün Suçu Ne?,Ay Yapım,Hilal Saral,2,Dram,Kanal D,Beren Saat - Engin Akyürek,2010
Kızlar Yurdu,Arajans,Kartal Tibet - (1-19) - Taner Akvardar - (20-26),1,Aile - Komedi,Teleon,Perran Kutman - Alev Emre - Ali Berge - Özdemir Han - Ali Karagöz - Anıl Dalgıç,1992
Sevda Çiçeği,Süreç Film,Tevfik Şenol - Kartal Çidamlı,1,Romantik komedi,Show TV,Gökhan Özen - Yasemin Hadivent - Savaş Dinçel - Halit Akçatepe - Gül Onat - Ebru Karanfilci - Meral Kaplan - Pakize Suda - Ercü Turan - Serdal Genç - Engin Günay - Başak Koç - İbrahim Gündoğan - Elif Burgaz,2006
Yeniden Çalıkuşu,Kalinos Prodüksiyon,"Cem Akyoldaş -  ,  - Melih Gülgen",1,Drama,Star TV,Tuba Ünsal - Burak Hakkı - Kaan Urgancıoğlu - Aliye Uzunatağan - Zerrin Arbaş - Suna Selen - Itır Esen - Ahmet Uz - Kaya Akarsu - Taner Ertürkler,2005
Esir Şehrin Gözyaşları - Bir Ferhat ile Şirin Hikayesi,Koliba Film,Çağatay Tosun,1,Drama,FOX,Yiğit Özşener - Sedef Avcı,2012
Zirvedekiler,Erler Film,Halit Refiğ,1,Drama,Show TV,Cüneyt Arkın - Gülşen Bubikoğlu,1995
Ölüm Çiçekleri-Saraybosna,Proje-ct Prodüksiyon,Metin Balekoğlu - - - Turgut Yasalar,1,Dram - Savaş,Star TV,Erhan Emre - Zeynep Beşerler,2008
1 Erkek 1 Kadın 2 Çocuk,Altıoklar  (2008-2009) 1K1E  (2009-2012) Bando Yapım (2012-2015),Leyla Yaman,8,Durum komedisi,TürkMax -    - Star TV -    - FOX,Demet Evgar - Emre Karayel,2008
Tatlı Kaçıklar,Erler Film,Aram Gülyüz,5,Durum komedisi,atv,Mehmet Ali Erbil - Yalçın Menteş - Buket Dereoğlu - Neslihan Yeldan - Pelin Körmükçü - İsmet Ay - Erol Günaydın - Meltem Cumbul - Kayhan Yıldızoğlu - Ümit Okur - Dursun Ali Sarıoğlu - Yıldız Kaplan,1996
Lale Devri,Avşar Film,Murat Düzgünoğlu,4,Dram,Show TV -    - FOX,Tolgahan Sayışman - Selen Soyder - Emina Sandal - Serenay Sarıkaya - Hatice Aslan - Kenan Bal - Aykut Yılmaz,2010
Sevginin Gücü,Erler Film,Ümit Efekan,1,Dram,Show TV,Hülya Avşar - Tarık Tarcan - Tolga Savacı - Maide Erçelebi - Bülent Bilgiç,1994
Ihlamurlar Altında,Avşar Film,Aydın Bulut,2,Dram,Kanal D,Bülent İnal - Tuba Büyüküstün - Özge Borak - Sinan Tuzcu,2005
Sihirli Annem,Süreç Film,Ersoy Güler -  (2003) - Tülay Kocatürk -  (2004-2005) - Kartal Çidamlı -  (2006-2012),7,Fantastik - Komedi,Kanal D -   - Star TV,İnci Türkay - Şahap Sayılgan - Defne Joy Foster - Zuhal Topal - Nevra Serezli - Ebru Karanfilci - Metin Serezli - Gül Onat,2003
Beyaz Gelincik,TMC,Güzide Balcı,2,Dram,atv,Erkan Petekkaya - Sezin Akbaşoğulları - Altan Erkekli - Mehmet Günsür - İsmail Hacıoğlu - Rana Cabbar,2005
Büyük Buluşma,Ser Film,Zeynep Tor - [1] -  U. Yağmur Yavuz  -  Naci Çelik Berksoy (-82)  -  Cem Akyoldaş (83-100)  -  Ahmet Sönmez (101-107)  -  Gürsel Ateş (108-115)  -  Metin Çamurcu (116-123)  -  Hüdaverdi Yavuz (124-155),4,Dram,Samanyolu TV,Ümit Acar - Oğuz Oktay -  Zeynep Ece Akkoca - Yusuf Sezgin,2004
Annem,Gold Film,Faruk Teber,2,Dram,Kanal D,Vahide Perçin - Duygu Yetiş - Talat Bulut - İlhan Şeşen - Emel Göksu,2007
Behzat Ç. Bir Ankara Polisiyesi,Adam Film  (2010-2013)  Inter Medya  (2019),"Serdar Akar -  (1, 2 ve 4. sezon) (Genel Yönetmen)  - Doğan Ümit Karaca -  (1 ve 2. sezon)  - Zekeriya Kurtuluş -  (2. sezon)  - Mustafa Altıoklar -  (2. sezon) (Konuk Yönetmen)  - Sadullah Şentürk -  (3. sezon)",4,Polisiye - Macera - Dram - Komedi - Aksiyon - Gerilim,Star TV -    - BluTV,Erdal Beşikçioğlu - Canan Ergüder - Fatih Artman - İnanç Konukçu - Berkan Şal - Seda Bakan - Berke Üzrek - Eray Eserol - Hakan Hatipoğlu - Ege Aydan - Ayça Eren - Nejat İşler - Güven Kıraç - Zafer Algöz - Aslı Tandoğan - Ahmet Uğurlu - Mine Tugay - Engin Öztürk - Sezin Akbaşoğulları - Serdar Orçin -  Gökhan Yıkılkan  - Ertuğrul Şakar - ve diğerleri,2010
Geçmiş Bahar Mimozaları,TRT,Okan Uysaler,1,Dram - Psikolojik,TRT 1,Filiz Akın - Rutkay Aziz - Ceylan Palay - Müşfik Kenter - Güler Ökten - Nurseli İdiz - Musa Uzunlar,1989
Gençler,TRT,Adem Kılıç,1,Duygusal - Gençlik - Komedi,TRT 1,Ziya Kürküt - Fikret Kuşkan - Oktay Kaynarca - Bilge Parlak - Melike Altunbaran - Zeynep Özden Ayyıldız - Çetin Etili,1989
Aşka Sürgün,Sis Yapım,Cemal Şan,2,Drama - Macera,atv,Mahsun Kırmızıgül - Beren Saat,2005
Yarım Elma,Sis Yapım,Deniz Akçay Katıksız - Ömer Uğur,2,Komedi - Dram,Kanal D -    - Show TV,Janset Paçal - Günay Karacaoğlu,2002
Aynalı Tahir,Base Productions,Erhan Baytimur  -  Cankat Ergin  - Hilal Saral -  Abdülkadir Ceylan Ede,5,Dram,Star TV -    - Flash TV -   - [6],Alişan - Arif Kilisli - Erkan Petekkaya - Bulut Aras - Saruhan Hünel - Kayra Şenocak - Yeşim Büber - Arkın Gelenbe - Emine Ün - Nihan Özcan - [1],1998
155 Polis İmdat,Emek Film,Şahin Gök,2,Polisiye - Aksiyon - Dram - Komedi,Show TV -    - Kanal D,Necla Nazır - Bülent Bilgiç - Murat Soydan - Yusuf Sezgin,1994
İbret-i Ailem,NTC Medya,Ömer Uğur,1,Komedi,Star TV,Müjdat Gezen - Şebnem Sönmez - Zafer Algöz,2012
Elveda Rumeli,Adam Film,Serdar Akar -  (Genel yönetmen) - Doğan Ümit Karaca - Özer Kızıltan,3,Dram - Tarihî,atv,Erdal Özyağcılar - Tolgahan Sayışman - Şebnem Sönmez - Gökhan Mete - Mustafa Jasar - Filiz Ahmet - Erman Saban - Berrak Tüzünataç - Suzan Akbelge - Luran Ahmeti - Ertan Saban - Bedia Begovska - Tuna Orhan - Perihan Tuna - Petar Mircevski - Selahattin Bilal - Elyesa Kaso,2007
Aile Reisi,Base Productions,Şengül Halat Atak,1,Aile - Romantik komedi,Star TV,Pınar Altuğ - Emre Kınay - Sermin Hürmeriç - Burak Davutoğlu - Bilge Şen - Nalan Gücüpek - Tamar Zeynep Papuççuoğlu - Uğur Aslan - Ünal Yeter - Elif Atakan - Barış Küçükgüler - Tuğyan Akay Kavukçu - Ceren Turkan - Alpay Özdoğancı,2009
Yer Gök Aşk,Avşar Film,Canan Çelik,3,Dram,FOX,Birce Akalay - Burak Hakkı - Murat Ünalmış - Melisa Aslı Pamuk - Tuvana Türkay - Işıl Yücesoy - Kanbolat Görkem Arslan - Levent Yılmaz - Ayşegül Günay - Remiz Evren - İpek Erdem - Sevinç Gediktaş - Şahin Ergüney - Firdevs Vüdül - Erhan Duran - Melih Özkaya,2010
Cennetin Sırları,Hayal Mahsulleri Ofisi,Murat Karahüseyinoğlu,1,Romantik - Gençlik - Dram,Star TV,Ozan Akbaba - Işıl Keskin - Gökay Müftüoğlu - Burçin Bilim - Alp Kadıoğlu - Didem Güçlü,2011
Karaoğlan,ANS Production,Abdullah Oğuz - Cem Akyoldaş - Çetin İnanç - Erdoğan Engin,1,Drama - Tarihî - Aksiyon,Kanal D,Kaan Urgancıoğlu - Tuba Ünsal - Serdar Gökhan - Özlem Tekin - İpek Tanrıyar - Sümer Tilmaç - İştar Gökseven - Hasan Yalnızoğlu - Evrim Solmaz - Fatoş Silan - Ayşen Gürler - Haldun Boysan - Sinemis Candemir - Nihat Nikerel - Ökkeş Avgın - Şevval Sam - Yılmaz Köksal,2002
Mazi Kalbimde Yaradır,Tims Productions,Çağatay Tosun,2,Romantik - Dram,TRT 1,Selçuk Yöntem - Sedef Avcı,2011
Farklı Desenler,Ser Film,Hasan Kıraç,3,Dram,Samanyolu TV,Asuman Çakır - Gözde Başaran - İskender Altın - Eren Özyalçın - Fatih Dönmez - Burak Demir,2010
Tatlı Hayat,Medyapım,Bora Tekay,3,Komedi - Sit-com,Show TV,Türkan Şoray - Haluk Bilginer - Asuman Dabak - Çolpan İlhan - Neco - Celal Kadri Kınoğlu - Gamze Özçelik - Emre Altuğ - Veysel Diker - Sevinç Aktansel - Sedat Kalkavan - Levent Sülün,2001
Selena,Süreç Film,Bora Onur,3,Fantastik kurgu - Komedi,atv,Sinem Kobal - Gökhan Keser - Cansu Demirci - Gizem Güven - Dilara Kurtulmuş - Sinan Çalışkanoğlu - Zuhal Topal,2006
İzmir Çetesi,Pastel Film,Murat Şeker -  (1-5) - Yıldız Hülya Bilban -  (6-16),1,Komedi,Star TV,Kadir İnanır - Kenan Ece - Mustafa Üstündağ,2011
Ağır Roman Yeni Dünya,Tims Productions,Metin Balekoğlu,1,Dram,Star TV,Onur Saylak - Nesrin Cavadzade - Macit Koper - Sumru Yavrucuk - Murat Daltaban - Özge Özpirinçci - Tamer Tıraşoğlu - Erkan Bektaş - Begüm Birgören,2012
Koyu Kırmızı,TMC,Atıl İnaç - Ulaş İnaç,1,Aksiyon - Drama,Star TV,Özgü Namal - Ozan Güven - Muhammet Uzuner - İpek Bilgin - Zeynep Özder - Engin Hepileri - Çağlar Çorumlu - Ceren Soylu - Mustafa Uzunyılmaz - İdil Yener - Tuğçe Akiş - Esme Madra - Şebnem Köstem - Sinem İslamoğlu - Mehmet Bozdoğan - Arzu Oş - Sevda Erginci - Tuğba Çom - Sevda Erginci - Metin Belgin - Elif Sönmez,2012
Papatyam,Mint Prodüksiyon,Bora Tekay,4,Aile - Komedi,Star TV,Metin Akpınar - Nilgün Kasapbaşoğlu - Deniz Oral -,2009
Kurşun Bilal,J Plan,Hasan Karacadağ,1,Polisiye - Dram,atv,Gökhan Mumcu - Arda Kural - Leyla Göksun - Sefa Zengin - Levent Sülün - Barkın Bayoğlu - Cem Kurtoğlu - Koray Kadirağa - Umut Demirdelen - Sevinç Erol - Kahraman Sivri - Bertan Ceylan - Müge Uyar - Uğur Taşdemir - Önder Keskin - Fatma Kabasakal - Nevzat Yılmaz - Hakan Gökhan Erdil - Hande Kaptan - Burak Orhan Yüzüak,2011
Böyle mi Olacaktı,Erler Film,Ümit Efekan - Temel Gürsu - Şahin Gök,6,Dram - Aile - Gençlik,atv,Açelya Akkoyun - Berna Laçin - Hande Ataizi,1997
Al Yazmalım,Ay Yapım,Ali Bilgin,1,Aşk - Dram,atv,Seçkin Özdemir - Özge Özpirinçci - Barış Falay - Nesrin Cavadzade - Saygın Soysal - Ahmet Saraçoğlu - Gözde Kansu - Zeynep Eronat - Macit Koper,2011
Taşların Sırrı,Star 1,Yusuf Kurçenli,1,Gizem kurgu - Fantezi - Macera,Star TV,Tarık Akan - Ayşegül Aldinç - Merih Akalın - Tuncer Necmioğlu - Bilge Zobu - Ali Çoban - Coşkun Göğen - Menderes Samancılar,1992
Acayip Hikayeler,Acayip Medya,Soykut Turan - Veli Çelik - Mustafa Altıoklar,1,Fantastik - Gerilim - Korku filmi - Bilimkurgu,Star TV,Haluk Bilginer - Şevval Sam - Altan Erkekli - Begüm Akkaya - Cem Özer - Fatih Dönmez - Irmak Ünal - Kaan Urgancıoğlu - Tamer Karadağlı - Gülşah Şahin - Levent Üzümcü - Yeşim Büber - İdil Fırat - Jess Molho - Sermet Yeşil - Ayşegül Akdemir - Beril Kayar - Ayla Arslancan - Ferdi Sancar - Bülent Polat - Murat Çekem - Özlem Tekin,2012
Kollama,Samanyolu TV,Cemile Kırmızı Karadaş  -  Ercan Durmuş  -  Gül Güzelkaya  -  Ömer Gökhan Erkut  -  Cem Akyoldaş  -  Taner Tunç  - Barış Yöş,4,Polisiye - Aksiyon - Dram,Samanyolu TV,Mehmet Özgür - Orhan Bıyıklı - Eşref Kolçak - Serhan Süsler - Ertan Kılıç - Osman Kot - Okay Şenol - Enis Yıldız - Cevher Hikmet Güzey - Hüseyin Köroğlu - Reha Taşman - Ali Başar - Gökçer Genç,2008
Menekşe İle Halil,Ay Yapım,Uluç Bayraktar,1,Aşk - Drama,Kanal D,Kıvanç Tatlıtuğ - Sedef Avcı -,2007
Gönül Ferman Dinlemiyor,EBS Production,Şenol Sönmez,1,Komedi,Show TV,Engin Şenkan - Melek Baykal - Oktay Dener - Altan Karındaş - Türkü Turan - Mehmet Ali Kaptanlar - Ceren Soylu - Mehtap Bayri - Nail Kırmızıgül,2010
Küçük Kıyamet,Limon Yapım,Hasan Kıraç,2,Drama - Dini,Samanyolu TV,Emrah Girgin - Reha Yeprem,2012
Asi,Sis Yapım,Cevdet Mercan,2,Dram - Romantik,Kanal D,Tuba Büyüküstün - Murat Yıldırım - Çetin Tekindor - Nur Sürer - Tuncel Kurtiz - Selma Ergeç,2007
Canısı,Gold Film,Temel Gürsu,1,Dram - Macera,Show TV,İbrahim Erkal - Emine Ün - Yusuf Çetin - Sevtap Parman - Tanju Gürsu - Sedef Bildik - Canan Perver - Kuzey Vargın - Nur Subaşı - Murat Soydan - Engin Koç,1997
Kanun Savaşçıları,TRT,Emin Gerçeker,1,Aksiyon - Macera - Polisiye,TRT 1,Serdar Gökhan - Eşref Kolçak - Özlem Savaş - Yusuf Sezgin - Savaş Akova - Orsel Sonat - Sermin Karaali - Perin Karaali - Tanju Şarman,1989
Sıcak Saatler,Sinegraf  (1-17) Detay Film,Osman Sınav -  (1-13) - Mustafa Şevki Doğan -  (14-28) - Sadullah Celen -  (29-30) - Veli Çelik -  (30-67)  - Mehmet Aslantuğ -  (67-80),3,Dram - Duygusal - Macera - Polisiye,atv,Mehmet Aslantuğ - Arzum Onan - Nihat Nikerel - Kenan Işık - Aytaç Yörükaslan - Sevda Ferdağ,1997
Kırık Kanatlar,Avşar Film,Çağatay Tosun - Faruk Teber - Temel Gürsu - Haluk Bener - Cevdet Mercan,2,Dram,Kanal D,Mehmet Ali Nuroğlu - Özge Özberk - Cansel Elçin - Begüm Birgören - Şemsi İnkaya - Saygın Soysal - Türkü Hazer - Sermiyan Midyat - Tolga Tecer - Tanju Gürsu - Cengiz Sezici - Beyazıt Gülercan - Şebnem Doğruer,2006
İki Aile,D Productions,Nursan Esenboğa - (1-24) - Metin Günay -  (25-52) - Yıldız Hülya Bilban -  (53-93),2,Komedi - Aile,Star TV,Emre Kınay - İclal Aydın,2006
Altın Kızlar,Play Prodüksiyon,Levent Demirkale,1,Komedi,atv,Nevra Serezli - Cansu Dere - Türkân Şoray - Fatma Girik - Tamer Karadağlı - Sümer Tilmaç,2009
Yamak Ahmet,Okur Film,Hakan Arslan - Günay Günaydın,2,Tarihî,TRT 1,Ferit Aktuğ - Kemal Uçar - Başak Parlak - Emrah Elçiboğa - Emin Gürsoy - Yusuf Atala - Betül Şahin - Birsen Dürülü - Tarık Şerbetçioğlu - Mafta Güney - Mustafa Turan - Yavuz Topoyan - Alay Cihan - Metin Yıldırım - Yunus Emre Kılınç - Burhan Yıldız - Uğur Arslanoğlu - Gaye Turgut,2011
Kurt Kanunu,Pana Film,Yasin Uslu,1,Tarihî - Dram - Macera,TRT 1,Ümit Acar - Ali Başar - Pelin Akil - Bahar Kerimoğlu - İlker Kızmaz,2012
Gül ve Diken,Kemal Film,Osman F. Seden,1,Romantik - Duygusal,Star TV,Aydan Şener - Murat Parasayar - Müge Arda - Tomris Oğuzalp - Ozan Bilen,1994
Boşgezen ve Kalfası,Ortaoyuncular,Ferhan Şensoy,1,Komedi,Flash TV,Ferhan Şensoy - Suna Pekuysal - Derya Baykal - Rasim Öztekin - Tarık Pabuçcuoğlu - Levent Ünsal - Settar Tanrıöğen - Şükran Dedeman - Pınar Alsan,1995
Huzur Sokağı,Set Film  (2012-2013)  atv İç Yapımlar  (2013-2014),Şenol Sönmez,2,Dram,atv,Selin Demiratar - Ahmet Kutsi Karadoğan - Güven Hokna - Sinem Öztürk - Gökhan Mete - Yeşim Salkım,2012
Hayat Bilgisi,Süreç Film,Tarkan Karlıdağ,4,Gençlik - Komedi - Aile,Kanal D -   - Show TV,Perran Kutman - Tarık Pabuççuoğlu - Kerem Kupacı,2003
Mahallenin Muhtarları,Replik Yapım,Oğuz Yalçın - Filiz Kaynak - Avni Kütükoğlu - Nursan Esenboğa,10,Aile,Kanal 6 -   - atv -   - Kanal D -   - Star TV,Aydan Burhan - Erkan Can - Cihat Tamer - Işık Aras - Goncagül Sunar - Esra Akkaya - Nedret Özbek - Leman Çıdamlı - Filiz Taçbaş,1992
Tatil Aşkları,Star TV,Oğuz Yalçın,1,Komedi,Star TV,Seray Sever - Nilgün Belgün - Ercan Yazgan,2004
Kuzey Rüzgârı,Duka Film,Mustafa Şevki Doğan,1,Aşk - Mafya,Show TV,Kadir İnanır - Oktay Kaynarca - Ebru Kocaağa - Çağla Kubat - Selçuk Yöntem ,2007
Saygılar Bizden,Bugay Yapım,Zeki Ökten,1,Dram - Komedi - Politika,InterSTAR,Kemal Sunal - Jülide Kural - Selma Tarcan - Yaman Tarcan - Nur Gürkan - Alev Oraloğlu - Tuncer Necmioğlu - Zafer Algöz - Yaman Okay - Güler Ökten - Ozan Bilen - Orhan Çağman - Kutay Köktürk - Erdinç Dinçer,1992
Evlerden Biri,Koliba Film,Bahadır İnce,1,Dram,Star TV,Ceyda Ateş - Özgür Çevik - Barış Aytaç - Şemsi İnkaya,2012
Reis,Most Production,Sadullah Celen,1,Dram - Aşk - Romantik - Aile,atv,Mehmet Âkif Alakurt - Melisa Sözen - Şükran Ovalı,2011
Bu Kalp Seni Unutur mu?,Sis Yapım,Aydın Bulut,1,Politik - Dram,Show TV,Bülent İnal - Melis Birkan - Berrak Tüzünataç - Okan Yalabık - Saygın Soysal - Tuba Ünsal - Tansel Öngel - Bülent Alkış - Engin Hepileri - Tuğçe Kumral - Hale Soygazi - Salih Güney - Fatih Dönmez,2009
Kurşun Yarası,Avşar Film,Sadullah Celen - Özer Kızıltan,2,Dram,atv,Berdan Mardini - Gerçek Sağlar - Bülent İnal - A. Yavuz Sepetçi - Ayçin İnci - Avni Yalçın - Ahmet Mümtaz Taylan - Nur Sürer - Emrah Elçiboğa - Mehmet Akan - Mesut Akusta - Ali Kırca - Fikret Hakan,2003
Gerçek Kesit,Flash TV,Erbay Gül,13,Gerilim - Aksiyon - Dram - Absürt komedi,Flash TV,Cahit Kaşıkçılar - Cevat Dinçer - Mehmet Vanlıoğlu,1993
Unutulmaz,Stil Medya,Ersoy Güler - Cem Tabak - Şenol Sönmez,2,Dram - Üzüntü,atv,Serhan Yavaş - Sinem Öztufan - Özlem Yılmaz - Nihat Altınkaya,2009
6 Mantı,ARC Film,Ahmet Katıksız - Yahya Samancı,2,Komedi - Aile,TRT 1,Burcu Binici - İnan Ulaş Torun,2012
Bez Bebek,Focus Film,Serpil Kurtça,3,Çocuk - Fantastik - Komedi - Dram,FOX,Evrim Akın - Tan Sağtürk - Alpay Atalan - Fatoş Kabasakal - Reyhan Asena Keskinci - Ege Tanman - Oya Aydoğan - Sibel Kasapoğlu - Mehmet Usta - Sevinç Aktansel,2007
Hanımın Çiftliği,Gold Film,Faruk Teber,2,Dram,Kanal D,Mehmet Aslantuğ - Özgü Namal - Ebru Özkan - Caner Cindoruk - Mehmet Çevik - Necip Memili - Gözde Kansu - Hakan Boyav - Mehmet Ali Oral - Can Kolukısa - Ali Düşenkalkar - İmer Özgün - Haki Biçici - Barış Çakmak - Fikret Kuşkan -,2009
Şen Yuva,BKM,Hakan Algül,2,Komedi - Aile,atv -    - FOX,Ceyda Düvenci - Levent Üzümcü - Ayşegül Atik - Altan Erkekli - Alper Kul,2010
Kınalı Kar,Yağmur Ajans,Taner Akvardar,3,Dram,Kanal D,Emrah - Özlem Conker - Engin Şenkan - Mustafa Avkıran,2002
Adını Feriha Koydum,Medyapım,Merve Girgin - Neslihan Yeşilyurt,2,Aşk - Drama,Show TV -   - teve2 -  -10 Ekim 2016-günümüz,Vahide Perçin - Hazal Kaya - Çağatay Ulusoy - Metin Çekmez - Deniz Uğur - Yusuf Akgün - Ceyda Ateş - Barış Kılıç,2011
Aşk Yakar,Avşar Film,Mehmet Ulukan,1,Dram - Komedi,Kanal D,Özcan Deniz - Meltem Cumbul,2008
Sağır Oda,Proje-ct Prodüksiyon,Serdar Akar -  (1-6) - Onur Tan -  (6-34),1,İstihbarat - Aksiyon,Kanal D,Orhan Kılıç - Çağla Kubat - Engin Cezzar - Mahir Günşiray - Arsen Gürzap,2006
Kırmızı Işık,TRT,Hilmi Akyalçın,1,Eğitim,TRT 1,Cüneyt Arkın - Tolga Savacı - Meral Orhonsay - Bahadır Tok - Meltem Ören - Fatma Belgen - Kemal İnci - Muhammet Taflan - Ahmet Vuran,2008
Kapalıçarşı,TMC,Yasin Uslu,2,Macera - Komedi,atv,Nejat İşler - Olgun Şimşek - Aslı Tandoğan - Tülin Özen - Mert Fırat - Erkan Can - Selen Seyven - Engin Altan Düzyatan - Zeynep Eronat,2009
Şubat,Eflatun Film,Volkan Kocatürk,1,Dram,TRT 1,Alican Yücesoy - Melisa Sözen - Musa Uzunlar - Serkan Ercan - Özkan Uğur,2012
Kampüsistan,D Productions,Uluç Bayraktar,2,Dram - Gençlik,Kanal D,Kaan Urgancıoğlu - Göksun Çam - Burak Altay - Tuğçe Kazaz - İpek Değer - Engin Hepileri - Irmak Ünal - Ekim Mağden - Aylin Kontente - Elif Akşar - İstemihan Tuna,2003
Kezban Yenge,Kanal 7,Hilal Saral,2,Komedi - Dram,Kanal 7,Parkan Özturan - Ege Tanman - Nurcan Elver - Şensel Uykal,2005
Deli Saraylı,Süreç Film,Aydın Bulut,1,Komedi - Tarihî,Show TV,Perran Kutman - Çetin Tekindor - Köksal Engür - Ünal Silver - Öner Erkan - Akın Saatçi - Özge Özpirinçci - Melis Birkan - Tatsyana Tsvikeviç - Kenan Ece - Ani İpekkaya,2010
Öyle Bir Geçer Zaman ki,D Productions,Zeynep Günay,3,Dram,Kanal D,Erkan Petekkaya -  Ayça Bingöl -  Wilma Elles,2010
Lise Defteri,Statü Yapım,Mustafa Altıoklar,1,Gençlik - Komedi - Dram,Kanal D,Ece Erken - Emre Altuğ - Arda Kural - Selin Demiratar,2003
Son,Ay Yapım,Uluç Bayraktar,1,Dram,atv,Engin Altan Düzyatan - Nehir Erdoğan - Erkan Can - Berrak Tüzünataç - Yiğit Özşener,2012
Marziye,Yağmur Ajans,Taner Akvardar - Melih Gülgen - Erdoğan Tokatlı - Avni Kütükoğlu,2,Dram,TGRT,Kadir İnanır - Gülben Ergen,1998
Dedektif Memoli,Süreç Film,Tayfun Güneyer,1,Polisiye - Macera,TNT,Emre Kızılırmak - (Memoli) - Burcu Esmersoy - (Zeynep) - Özlem Yılmaz - (Ezo) - Demir Karahan - Ünal Yeter - Barış Başar,2011
Geniş Zamanlar,Koliba Film,Serdar Akar,1,Dram,Star TV,Zuhal Olcay - Özge Özberk - Oktay Kaynarca,2007
Bizim Mahalle,TRT,Ülkü Erakalın - Tulip Karamanbey - Temel Gürsu - Tangör Toydemir - Ayhan Önal,8,Aile - Komedi - Macera,TRT 1,Neslihan Acar - Osman Yağmurdereli - Üstün Asutay - Neriman Köksal - Nilgün Belgün - Meltem Ören - İlhan Daner,1994
Seni Çok Özledim,ADA Film,Dilek Gökçin,1,Dram,Kanal D,Zuhal Olcay - Tuba Ünsal - Kaan Urgancıoğlu - Ege Aydan - Emre Kınay - Mahir Günşiray - Ali Düşenkalkar - Erdal Beşikçioğlu - Rıza Kocaoğlu - Sezgi Mengi - Bilge Şen - Avni Yalçın - Kürşat Alnıaçık - Saydam Yeniay,2005
Kader Çizgisi,Ser Film,Taner Tunç,1,Dram,Samanyolu TV, Yunus Günçe - Uğur İzgi - Bilge Parlak - Oğuz Oktay,2010
Elveda Derken,Yağmur Ajans,Hilal Saral Ünalan,2,Dram,Kanal D,Ece Uslu - Gökhan Tepe - Burcu Kara - İncilay Şahin - Sinan Sümer - Tansel Öngel - Aydan Kaya - Fatma Karanfil - Sait Genay - Seda Güven,2007
Umutsuz Ev Kadınları,Medyapım Abc Studios,Özlem Bayşu Ünlü  -  Barış Erçetin,3,Komedi-drama - Suç - Pembe dizi,Kanal D -    - FOX,Songül Öden - Bennu Yıldırımlar - Ceyda Düvenci - Özge Özder - Evrim Solmaz - Deniz Uğur,2011
Zeliha'nın Gözleri,Altıoklar Film,Filiz Kaynak - Ömer Uğur,1,Macera - Fantezi,Star TV,Sarp Levendoğlu - Emel Çölgeçen,2007
Bir Filiz Vardı,TRT,Feyzi Tuna,1,Duygusal - Aile - Komedi,TRT 1,Özgü Namal - Müge Oruçkaptan - Nihan Durukan - Menderes Samancılar - Nükhet Egeli - Savaş Akova - Özlem Saraç - Alper Yakıcı,2001
Eşref Saati,Pana Film,Ümit Volkan,2,Komedi,Kanal D,Tuluğ Çizgen - Cihat Tamer - Suna Yıldızoğlu - Suat Sungur - Arzu Atalay - Hadi Çaman,1993
